SOC,Description,Pct. 25 Hourly Earnings,2016 - 2026 Change,Age 55-64,Age 65+,Typical Entry Level Education,Typical On-The-Job Training,Regional Completions (2014)
11-1011,Chief Executives,$45.03 ,170,586,272.00,Bachelor's degree,None,1226
11-1021,General and Operations Managers,$25.38 ,692,1691,333.00,Bachelor's degree,None,1226
11-1031,Legislators,$7.99 ,-1,23,22.00,Bachelor's degree,None,25
Nov-11,Advertising and Promotions Managers,$25.09 ,-1,29,<10,Bachelor's degree,None,102
Nov-21,Marketing Managers,$33.49 ,101,143,36.00,Bachelor's degree,None,121
Nov-22,Sales Managers,$29.30 ,137,300,72.00,Bachelor's degree,None,1329
Nov-31,Public Relations and Fundraising Managers,$26.82 ,20,55,11.00,Bachelor's degree,None,0
Nov-11,Administrative Services Managers,$25.69 ,129,248,58.00,Bachelor's degree,None,1224
Nov-21,Computer and Information Systems Managers,$39.17 ,298,184,20.00,Bachelor's degree,None,360
Nov-31,Financial Managers,$30.95 ,309,613,209.00,Bachelor's degree,None,128
Nov-51,Industrial Production Managers,$30.19 ,4,251,29.00,Bachelor's degree,None,1217
Nov-61,Purchasing Managers,$31.90 ,12,75,11.00,Bachelor's degree,None,0
Nov-71,"Transportation, Storage, and Distribution Managers",$30.44 ,62,145,32.00,High school diploma or equivalent,None,1249
Nov-11,Compensation and Benefits Managers,$35.46 ,12,14,<10,Bachelor's degree,None,103
Nov-21,Human Resources Managers,$31.98 ,74,157,35.00,Bachelor's degree,None,103
Nov-31,Training and Development Managers,$30.77 ,16,61,<10,Bachelor's degree,None,103
Nov-13,"Farmers, Ranchers, and Other Agricultural Managers",$10.78 ,-57,1513,1550.00,High school diploma or equivalent,None,0
Nov-21,Construction Managers,$21.59 ,-152,413,103.00,Bachelor's degree,Moderate-term on-the-job training,1221
Nov-31,"Education Administrators, Preschool and Childcare Center/Program",$13.97 ,31,49,16.00,Bachelor's degree,None,61
Nov-32,"Education Administrators, Elementary and Secondary School",$38.45 ,55,288,70.00,Master's degree,None,61
Nov-33,"Education Administrators, Postsecondary",$24.52 ,32,90,32.00,Master's degree,None,82
Nov-39,"Education Administrators, All Other",$21.36 ,-2,36,17.00,Bachelor's degree,None,22
Nov-41,Architectural and Engineering Managers,$46.19 ,35,122,23.00,Bachelor's degree,None,515
Nov-51,Food Service Managers,$15.96 ,41,300,84.00,High school diploma or equivalent,None,38
Nov-61,Funeral Service Managers,$21.42 ,7,11,<10,Associate's degree,None,29
Nov-71,Gaming Managers,$23.92 ,Insf. Data,<10,<10,High school diploma or equivalent,None,0
Nov-81,Lodging Managers,$14.54 ,-29,92,29.00,High school diploma or equivalent,None,27
Nov-11,Medical and Health Services Managers,$33.90 ,249,358,68.00,Bachelor's degree,None,139
Nov-21,Natural Sciences Managers,$39.95 ,4,20,<10,Bachelor's degree,None,391
Nov-31,Postmasters and Mail Superintendents,$28.78 ,-10,16,<10,High school diploma or equivalent,Moderate-term on-the-job training,16
Nov-41,"Property, Real Estate, and Community Association Managers",$18.63 ,611,1412,899.00,High school diploma or equivalent,None,12
Nov-51,Social and Community Service Managers,$21.33 ,48,180,64.00,Bachelor's degree,None,1401
Nov-61,Emergency Management Directors,$14.50 ,4,<10,<10,Bachelor's degree,None,0
Nov-99,"Managers, All Other",$20.50 ,747,1549,618.00,Bachelor's degree,None,1453
13-1011,"Agents and Business Managers of Artists, Performers, and Athletes",$15.43 ,7,28,13.00,Bachelor's degree,None,3
13-1021,"Buyers and Purchasing Agents, Farm Products",$20.15 ,0,<10,<10,Bachelor's degree,Long-term on-the-job training,0
13-1022,"Wholesale and Retail Buyers, Except Farm Products",$19.47 ,50,135,62.00,Bachelor's degree,Long-term on-the-job training,0
13-1023,"Purchasing Agents, Except Wholesale, Retail, and Farm Products",$20.14 ,61,280,65.00,Bachelor's degree,Long-term on-the-job training,0
13-1031,"Claims Adjusters, Examiners, and Investigators",$19.71 ,393,332,79.00,High school diploma or equivalent,Long-term on-the-job training,0
13-1032,"Insurance Appraisers, Auto Damage",$19.94 ,5,16,<10,Postsecondary nondegree award,Moderate-term on-the-job training,0
13-1041,Compliance Officers,$20.42 ,102,192,44.00,Bachelor's degree,Moderate-term on-the-job training,53
13-1051,Cost Estimators,$22.81 ,82,222,79.00,Bachelor's degree,None,1327
13-1071,Human Resources Specialists,$19.72 ,208,339,86.00,Bachelor's degree,None,103
13-1074,Farm Labor Contractors,Insf. Data,Insf. Data,<10,<10,No formal educational credential,Short-term on-the-job training,0
13-1075,Labor Relations Specialists,$9.17 ,25,135,34.00,Bachelor's degree,None,103
13-1081,Logisticians,$29.88 ,32,74,13.00,Bachelor's degree,None,34
13-1111,Management Analysts,$27.14 ,537,907,401.00,Bachelor's degree,None,1208
13-1121,"Meeting, Convention, and Event Planners",$16.46 ,84,125,42.00,Bachelor's degree,None,0
13-1131,Fundraisers,$17.00 ,13,59,31.00,Bachelor's degree,None,0
13-1141,"Compensation, Benefits, and Job Analysis Specialists",$22.38 ,44,70,12.00,Bachelor's degree,None,103
13-1151,Training and Development Specialists,$19.31 ,122,231,44.00,Bachelor's degree,None,103
13-1161,Market Research Analysts and Marketing Specialists,$20.18 ,378,260,79.00,Bachelor's degree,None,102
13-1199,"Business Operations Specialists, All Other",$22.30 ,432,647,166.00,Bachelor's degree,None,173
13-2011,Accountants and Auditors,$22.33 ,590,1187,469.00,Bachelor's degree,None,318
13-2021,Appraisers and Assessors of Real Estate,$19.02 ,24,420,203.00,Bachelor's degree,Long-term on-the-job training,12
13-2031,Budget Analysts,$22.92 ,16,38,<10,Bachelor's degree,None,386
13-2041,Credit Analysts,$21.08 ,-1,23,<10,Bachelor's degree,None,386
13-2051,Financial Analysts,$32.39 ,0,178,117.00,Bachelor's degree,None,128
13-2052,Personal Financial Advisors,$36.81 ,1098,1156,836.00,Bachelor's degree,Long-term on-the-job training,100
13-2053,Insurance Underwriters,$21.72 ,106,57,<10,Bachelor's degree,Moderate-term on-the-job training,0
13-2061,Financial Examiners,$21.02 ,16,34,<10,Bachelor's degree,Moderate-term on-the-job training,290
13-2071,Credit Counselors,$17.28 ,-13,13,<10,Bachelor's degree,Moderate-term on-the-job training,0
13-2072,Loan Officers,$21.92 ,-186,230,40.00,Bachelor's degree,Moderate-term on-the-job training,100
13-2081,"Tax Examiners and Collectors, and Revenue Agents",$19.56 ,-6,34,14.00,Bachelor's degree,Moderate-term on-the-job training,290
13-2082,Tax Preparers,$16.96 ,29,150,172.00,High school diploma or equivalent,Moderate-term on-the-job training,13
13-2099,"Financial Specialists, All Other",$18.78 ,26,104,46.00,Bachelor's degree,Moderate-term on-the-job training,100
15-1111,Computer and Information Research Scientists,$32.67 ,7,<10,<10,Doctoral or professional degree,None,371
15-1121,Computer Systems Analysts,$24.36 ,502,253,42.00,Bachelor's degree,None,370
15-1122,Information Security Analysts,$25.17 ,61,26,<10,Bachelor's degree,None,576
15-1131,Computer Programmers,$22.64 ,40,134,25.00,Bachelor's degree,None,136
15-1132,"Software Developers, Applications",$27.26 ,699,324,51.00,Bachelor's degree,None,198
15-1133,"Software Developers, Systems Software",$32.89 ,198,84,14.00,Bachelor's degree,None,198
15-1134,Web Developers,$18.09 ,196,75,13.00,Associate's degree,None,576
15-1141,Database Administrators,$24.51 ,69,77,<10,Bachelor's degree,None,263
15-1142,Network and Computer Systems Administrators,$22.99 ,160,136,15.00,Bachelor's degree,None,280
15-1143,Computer Network Architects,$27.77 ,59,55,<10,Bachelor's degree,None,576
15-1151,Computer User Support Specialists,$16.50 ,337,260,36.00,"Some college, no degree",None,171
15-1152,Computer Network Support Specialists,$17.67 ,65,89,11.00,Associate's degree,None,171
15-1199,"Computer Occupations, All Other",$23.48 ,81,176,28.00,Bachelor's degree,None,263
15-2011,Actuaries,$31.08 ,91,14,<10,Bachelor's degree,Long-term on-the-job training,4
15-2021,Mathematicians,Insf. Data,Insf. Data,<10,<10,Master's degree,None,55
15-2031,Operations Research Analysts,$24.26 ,163,95,14.00,Bachelor's degree,None,0
15-2041,Statisticians,$32.50 ,49,24,<10,Master's degree,None,61
15-2091,Mathematical Technicians,Insf. Data,Insf. Data,<10,<10,Bachelor's degree,None,2
15-2099,"Mathematical Science Occupations, All Other",$17.41 ,1,<10,<10,Bachelor's degree,None,55
17-1011,"Architects, Except Landscape and Naval",$24.61 ,13,99,51.00,Bachelor's degree,Internship/residency,0
17-1012,Landscape Architects,$20.73 ,-1,13,<10,Bachelor's degree,Internship/residency,0
17-1021,Cartographers and Photogrammetrists,$18.93 ,18,13,<10,Bachelor's degree,None,0
17-1022,Surveyors,$18.49 ,6,29,<10,Bachelor's degree,None,0
17-2011,Aerospace Engineers,$28.93 ,9,<10,<10,Bachelor's degree,None,0
17-2021,Agricultural Engineers,Insf. Data,Insf. Data,<10,<10,Bachelor's degree,None,0
17-2031,Biomedical Engineers,$29.82 ,8,<10,<10,Bachelor's degree,None,48
17-2041,Chemical Engineers,$38.69 ,-9,16,<10,Bachelor's degree,None,47
17-2051,Civil Engineers,$30.17 ,65,156,74.00,Bachelor's degree,None,61
17-2061,Computer Hardware Engineers,$26.67 ,15,13,<10,Bachelor's degree,None,58
17-2071,Electrical Engineers,$32.61 ,36,88,22.00,Bachelor's degree,None,100
17-2072,"Electronics Engineers, Except Computer",$33.24 ,19,49,12.00,Bachelor's degree,None,100
17-2081,Environmental Engineers,$26.31 ,17,15,<10,Bachelor's degree,None,14
17-2111,"Health and Safety Engineers, Except Mining Safety Engineers and Inspectors",$25.60 ,4,13,<10,Bachelor's degree,None,14
17-2112,Industrial Engineers,$30.23 ,66,176,33.00,Bachelor's degree,None,74
17-2121,Marine Engineers and Naval Architects,$27.79 ,2,<10,<10,Bachelor's degree,None,0
17-2131,Materials Engineers,$32.36 ,2,<10,<10,Bachelor's degree,None,0
17-2141,Mechanical Engineers,$31.26 ,76,186,41.00,Bachelor's degree,None,119
17-2151,"Mining and Geological Engineers, Including Mining Safety Engineers",$32.55 ,1,<10,<10,Bachelor's degree,None,0
17-2161,Nuclear Engineers,$36.32 ,3,<10,<10,Bachelor's degree,None,0
17-2171,Petroleum Engineers,$66.66 ,1,<10,<10,Bachelor's degree,None,0
17-2199,"Engineers, All Other",$29.11 ,31,94,50.00,Bachelor's degree,None,0
17-3011,Architectural and Civil Drafters,$18.64 ,8,64,22.00,Associate's degree,None,20
17-3012,Electrical and Electronics Drafters,$23.31 ,7,18,<10,Associate's degree,None,0
17-3013,Mechanical Drafters,$19.81 ,7,50,15.00,Associate's degree,None,9
17-3019,"Drafters, All Other",$17.56 ,4,30,<10,Associate's degree,None,12
17-3021,Aerospace Engineering and Operations Technicians,Insf. Data,Insf. Data,<10,<10,Associate's degree,None,64
17-3022,Civil Engineering Technicians,$17.23 ,11,31,<10,Associate's degree,None,64
17-3023,Electrical and Electronics Engineering Technicians,$23.28 ,24,81,16.00,Associate's degree,None,162
17-3024,Electro-Mechanical Technicians,$17.05 ,1,<10,<10,Associate's degree,None,64
17-3025,Environmental Engineering Technicians,$16.85 ,4,<10,<10,Associate's degree,None,64
17-3026,Industrial Engineering Technicians,$17.20 ,10,35,<10,Associate's degree,None,88
17-3027,Mechanical Engineering Technicians,$16.62 ,10,28,<10,Associate's degree,None,64
17-3029,"Engineering Technicians, Except Drafters, All Other",$17.19 ,14,39,<10,Associate's degree,None,64
17-3031,Surveying and Mapping Technicians,$14.93 ,-4,38,15.00,High school diploma or equivalent,Moderate-term on-the-job training,64
19-1011,Animal Scientists,Insf. Data,Insf. Data,<10,0.00,Bachelor's degree,None,0
19-1012,Food Scientists and Technologists,$24.59 ,3,<10,<10,Bachelor's degree,None,0
19-1013,Soil and Plant Scientists,$20.65 ,2,<10,<10,Bachelor's degree,None,0
19-1021,Biochemists and Biophysicists,$28.15 ,4,<10,<10,Doctoral or professional degree,None,16
19-1022,Microbiologists,$23.85 ,1,<10,<10,Bachelor's degree,None,8
19-1023,Zoologists and Wildlife Biologists,$15.42 ,2,<10,<10,Bachelor's degree,None,3
19-1029,"Biological Scientists, All Other",$22.80 ,2,<10,<10,Bachelor's degree,None,233
19-1031,Conservation Scientists,$23.28 ,-1,<10,<10,Bachelor's degree,None,0
19-1032,Foresters,$20.79 ,0,<10,<10,Bachelor's degree,None,0
19-1041,Epidemiologists,$24.07 ,1,<10,<10,Master's degree,None,7
19-1042,"Medical Scientists, Except Epidemiologists",$21.14 ,35,38,11.00,Doctoral or professional degree,None,75
19-1099,"Life Scientists, All Other",$24.24 ,3,<10,<10,Bachelor's degree,None,200
19-2011,Astronomers,Insf. Data,Insf. Data,<10,0.00,Doctoral or professional degree,None,0
19-2012,Physicists,$38.70 ,3,<10,<10,Doctoral or professional degree,None,33
19-2021,Atmospheric and Space Scientists,$29.13 ,1,<10,<10,Bachelor's degree,None,2
19-2031,Chemists,$24.10 ,-9,29,<10,Bachelor's degree,None,54
19-2032,Materials Scientists,Insf. Data,Insf. Data,<10,<10,Bachelor's degree,None,0
19-2041,"Environmental Scientists and Specialists, Including Health",$23.90 ,22,25,<10,Bachelor's degree,None,6
19-2042,"Geoscientists, Except Hydrologists and Geographers",$32.97 ,4,10,<10,Bachelor's degree,None,0
19-2043,Hydrologists,$32.22 ,2,<10,<10,Bachelor's degree,None,0
19-2099,"Physical Scientists, All Other",$32.21 ,4,18,<10,Bachelor's degree,None,0
19-3011,Economists,$27.65 ,4,<10,<10,Master's degree,None,54
19-3022,Survey Researchers,$29.32 ,-5,<10,<10,Master's degree,None,54
19-3031,"Clinical, Counseling, and School Psychologists",$24.40 ,215,414,160.00,Doctoral or professional degree,Internship/residency,464
19-3032,Industrial-Organizational Psychologists,Insf. Data,Insf. Data,<10,<10,Master's degree,Internship/residency,398
19-3039,"Psychologists, All Other",$29.97 ,19,45,18.00,Master's degree,Internship/residency,409
19-3041,Sociologists,Insf. Data,Insf. Data,<10,<10,Master's degree,None,81
19-3051,Urban and Regional Planners,$14.62 ,7,16,<10,Master's degree,None,11
19-3091,Anthropologists and Archeologists,$27.85 ,1,<10,<10,Master's degree,None,41
19-3092,Geographers,Insf. Data,Insf. Data,<10,0.00,Bachelor's degree,None,34
19-3093,Historians,$34.59 ,-3,<10,11.00,Master's degree,None,88
19-3094,Political Scientists,Insf. Data,Insf. Data,<10,<10,Master's degree,None,125
19-3099,"Social Scientists and Related Workers, All Other",$29.25 ,1,<10,<10,Bachelor's degree,None,7
19-4011,Agricultural and Food Science Technicians,$14.95 ,4,<10,<10,Associate's degree,Moderate-term on-the-job training,0
19-4021,Biological Technicians,$13.86 ,10,<10,<10,Bachelor's degree,None,0
19-4031,Chemical Technicians,$14.67 ,-12,31,<10,Associate's degree,Moderate-term on-the-job training,1
19-4041,Geological and Petroleum Technicians,Insf. Data,Insf. Data,<10,<10,Associate's degree,Moderate-term on-the-job training,0
19-4051,Nuclear Technicians,Insf. Data,2,<10,0.00,Associate's degree,Moderate-term on-the-job training,0
19-4061,Social Science Research Assistants,$17.43 ,16,13,<10,Bachelor's degree,None,6
19-4091,"Environmental Science and Protection Technicians, Including Health",$22.75 ,13,12,<10,Associate's degree,None,6
19-4092,Forensic Science Technicians,$20.70 ,4,<10,<10,Bachelor's degree,Moderate-term on-the-job training,0
19-4093,Forest and Conservation Technicians,$14.23 ,0,<10,<10,Associate's degree,None,0
19-4099,"Life, Physical, and Social Science Technicians, All Other",$15.82 ,20,26,10.00,Associate's degree,None,0
21-1011,Substance Abuse and Behavioral Disorder Counselors,$14.44 ,25,74,26.00,Bachelor's degree,None,3
21-1012,"Educational, Guidance, School, and Vocational Counselors",$18.89 ,73,195,57.00,Master's degree,None,112
21-1013,Marriage and Family Therapists,$13.69 ,21,34,14.00,Master's degree,Internship/residency,262
21-1014,Mental Health Counselors,$14.87 ,35,128,47.00,Master's degree,Internship/residency,3
21-1015,Rehabilitation Counselors,$12.45 ,43,94,36.00,Master's degree,None,3
21-1019,"Counselors, All Other",$16.21 ,15,34,12.00,Master's degree,None,262
21-1021,"Child, Family, and School Social Workers",$14.60 ,73,259,78.00,Bachelor's degree,None,262
21-1022,Healthcare Social Workers,$17.86 ,107,97,23.00,Master's degree,None,3
21-1023,Mental Health and Substance Abuse Social Workers,$14.88 ,9,86,24.00,Bachelor's degree,None,3
21-1029,"Social Workers, All Other",$14.35 ,13,63,18.00,Bachelor's degree,None,269
21-1091,Health Educators,$18.07 ,31,31,<10,Bachelor's degree,None,3
21-1092,Probation Officers and Correctional Treatment Specialists,$15.02 ,12,47,19.00,Bachelor's degree,Short-term on-the-job training,262
21-1093,Social and Human Service Assistants,$10.35 ,135,212,80.00,High school diploma or equivalent,Short-term on-the-job training,3
21-1094,Community Health Workers,$15.58 ,28,35,11.00,High school diploma or equivalent,Short-term on-the-job training,42
21-1099,"Community and Social Service Specialists, All Other",$14.40 ,27,55,21.00,Master's degree,None,42
21-2011,Clergy,$17.29 ,197,454,788.00,Bachelor's degree,Moderate-term on-the-job training,417
21-2021,"Directors, Religious Activities and Education",$15.42 ,96,199,113.00,Bachelor's degree,None,81
21-2099,"Religious Workers, All Other",$11.67 ,46,102,126.00,Bachelor's degree,None,25
23-1011,Lawyers,$35.04 ,201,671,316.00,Doctoral or professional degree,None,168
23-1012,Judicial Law Clerks,$13.93 ,-1,<10,<10,Doctoral or professional degree,None,115
23-1021,"Administrative Law Judges, Adjudicators, and Hearing Officers",$20.17 ,-1,16,<10,Doctoral or professional degree,Short-term on-the-job training,168
23-1022,"Arbitrators, Mediators, and Conciliators",$19.97 ,2,<10,<10,Bachelor's degree,Moderate-term on-the-job training,175
23-1023,"Judges, Magistrate Judges, and Magistrates",$33.50 ,3,22,11.00,Doctoral or professional degree,Short-term on-the-job training,168
23-2011,Paralegals and Legal Assistants,$18.19 ,119,233,54.00,Associate's degree,None,92
23-2091,Court Reporters,$22.31 ,-19,27,<10,Postsecondary nondegree award,Short-term on-the-job training,0
23-2093,"Title Examiners, Abstractors, and Searchers",$16.44 ,12,59,23.00,High school diploma or equivalent,Short-term on-the-job training,92
23-2099,"Legal Support Workers, All Other",$23.89 ,4,22,<10,High school diploma or equivalent,Short-term on-the-job training,92
25-1099,Postsecondary Teachers,$22.57 ,502,865,541.00,Doctoral or professional degree,None,1116
25-2011,"Preschool Teachers, Except Special Education",$13.38 ,207,162,43.00,Associate's degree,None,21
25-2012,"Kindergarten Teachers, Except Special Education",$23.25 ,39,90,23.00,Bachelor's degree,Internship/residency,21
25-2021,"Elementary School Teachers, Except Special Education",$22.93 ,322,1086,263.00,Bachelor's degree,Internship/residency,479
25-2022,"Middle School Teachers, Except Special and Career/Technical Education",$22.73 ,145,505,122.00,Bachelor's degree,Internship/residency,101
25-2023,"Career/Technical Education Teachers, Middle School",$23.47 ,1,<10,<10,Bachelor's degree,Internship/residency,124
25-2031,"Secondary School Teachers, Except Special and Career/Technical Education",$22.55 ,219,855,197.00,Bachelor's degree,Internship/residency,290
25-2032,"Career/Technical Education Teachers, Secondary School",$24.56 ,9,24,<10,Bachelor's degree,Internship/residency,124
25-2051,"Special Education Teachers, Preschool",$19.95 ,7,<10,<10,Bachelor's degree,Internship/residency,106
25-2052,"Special Education Teachers, Kindergarten and Elementary School",$23.11 ,68,176,34.00,Bachelor's degree,Internship/residency,106
25-2053,"Special Education Teachers, Middle School",$21.92 ,32,95,18.00,Bachelor's degree,Internship/residency,106
25-2054,"Special Education Teachers, Secondary School",$23.44 ,37,110,21.00,Bachelor's degree,Internship/residency,106
25-2059,"Special Education Teachers, All Other",$21.78 ,11,29,<10,Bachelor's degree,Internship/residency,106
25-3011,Adult Basic and Secondary Education and Literacy Teachers and Instructors,$18.34 ,11,33,24.00,Bachelor's degree,Internship/residency,3
25-3021,Self-Enrichment Education Teachers,$14.47 ,159,433,291.00,High school diploma or equivalent,None,3
25-3098,Substitute Teachers,$9.25 ,122,199,109.00,Bachelor's degree,Internship/residency,106
25-3099,"Teachers and Instructors, All Other",$16.96 ,30,325,220.00,Bachelor's degree,Internship/residency,136
25-4011,Archivists,$19.17 ,1,<10,<10,Master's degree,None,10
25-4012,Curators,$12.77 ,2,<10,<10,Master's degree,None,10
25-4013,Museum Technicians and Conservators,Insf. Data,Insf. Data,<10,<10,Bachelor's degree,None,10
25-4021,Librarians,$23.86 ,17,144,48.00,Master's degree,None,0
25-4031,Library Technicians,$12.61 ,25,54,32.00,Postsecondary nondegree award,None,0
25-9011,Audio-Visual and Multimedia Collections Specialists,$19.89 ,2,<10,<10,Bachelor's degree,None,0
25-9021,Farm and Home Management Advisors,$24.76 ,3,10,<10,Master's degree,None,0
25-9031,Instructional Coordinators,$21.54 ,34,141,58.00,Master's degree,None,19
25-9041,Teacher Assistants,$11.71 ,375,846,295.00,"Some college, no degree",None,21
25-9099,"Education, Training, and Library Workers, All Other",$8.67 ,88,437,175.00,Bachelor's degree,None,0
27-1011,Art Directors,$17.16 ,28,98,38.00,Bachelor's degree,None,13
27-1012,Craft Artists,$4.90 ,44,100,39.00,No formal educational credential,Long-term on-the-job training,25
27-1013,"Fine Artists, Including Painters, Sculptors, and Illustrators",$6.55 ,87,192,75.00,Bachelor's degree,Long-term on-the-job training,117
27-1014,Multimedia Artists and Animators,$10.41 ,31,83,34.00,Bachelor's degree,Moderate-term on-the-job training,26
27-1019,"Artists and Related Workers, All Other",$11.20 ,5,16,<10,No formal educational credential,Long-term on-the-job training,108
27-1021,Commercial and Industrial Designers,$21.47 ,24,40,10.00,Bachelor's degree,None,24
27-1022,Fashion Designers,$20.69 ,12,13,<10,Bachelor's degree,None,0
27-1023,Floral Designers,$10.35 ,-21,75,42.00,High school diploma or equivalent,Moderate-term on-the-job training,0
27-1024,Graphic Designers,$15.77 ,116,267,68.00,Bachelor's degree,None,70
27-1025,Interior Designers,$17.67 ,43,99,22.00,Bachelor's degree,None,21
27-1026,Merchandise Displayers and Window Trimmers,$11.59 ,-1,107,33.00,High school diploma or equivalent,Moderate-term on-the-job training,0
27-1027,Set and Exhibit Designers,$15.98 ,3,<10,<10,Bachelor's degree,None,7
27-1029,"Designers, All Other",$16.13 ,4,<10,<10,Bachelor's degree,None,7
27-2011,Actors,$10.66 ,46,32,19.00,"Some college, no degree",Long-term on-the-job training,12
27-2012,Producers and Directors,$16.98 ,8,65,14.00,Bachelor's degree,None,12
27-2021,Athletes and Sports Competitors,$21.39 ,26,27,10.00,No formal educational credential,Long-term on-the-job training,226
27-2022,Coaches and Scouts,$10.51 ,115,169,90.00,Bachelor's degree,None,382
27-2023,"Umpires, Referees, and Other Sports Officials",$10.43 ,14,17,<10,High school diploma or equivalent,Moderate-term on-the-job training,19
27-2031,Dancers,$12.86 ,10,<10,<10,No formal educational credential,Long-term on-the-job training,0
27-2032,Choreographers,$14.31 ,-1,<10,<10,High school diploma or equivalent,Long-term on-the-job training,0
27-2041,Music Directors and Composers,$14.07 ,67,91,101.00,Bachelor's degree,None,11
27-2042,Musicians and Singers,$11.04 ,323,320,226.00,No formal educational credential,Long-term on-the-job training,80
27-2099,"Entertainers and Performers, Sports and Related Workers, All Other",$15.59 ,59,77,29.00,No formal educational credential,Short-term on-the-job training,12
27-3011,Radio and Television Announcers,$11.72 ,-6,23,11.00,Bachelor's degree,Short-term on-the-job training,0
27-3012,Public Address System and Other Announcers,$10.98 ,35,16,<10,High school diploma or equivalent,Short-term on-the-job training,323
27-3021,Broadcast News Analysts,$20.04 ,-4,10,<10,Bachelor's degree,None,13
27-3022,Reporters and Correspondents,$14.30 ,22,54,24.00,Bachelor's degree,None,15
27-3031,Public Relations Specialists,$19.65 ,52,144,51.00,Bachelor's degree,None,323
27-3041,Editors,$17.81 ,-7,136,61.00,Bachelor's degree,None,63
27-3042,Technical Writers,$26.73 ,26,46,11.00,Bachelor's degree,Short-term on-the-job training,0
27-3043,Writers and Authors,$13.12 ,212,350,207.00,Bachelor's degree,Moderate-term on-the-job training,386
27-3091,Interpreters and Translators,$20.93 ,71,120,129.00,Bachelor's degree,Short-term on-the-job training,72
27-3099,"Media and Communication Workers, All Other",$16.61 ,15,14,<10,High school diploma or equivalent,Short-term on-the-job training,1
27-4011,Audio and Video Equipment Technicians,$15.83 ,29,32,<10,Postsecondary nondegree award,Short-term on-the-job training,0
27-4012,Broadcast Technicians,$9.14 ,-16,27,<10,Associate's degree,Short-term on-the-job training,1
27-4013,Radio Operators,Insf. Data,Insf. Data,<10,<10,High school diploma or equivalent,Short-term on-the-job training,0
27-4014,Sound Engineering Technicians,$15.64 ,2,<10,<10,Postsecondary nondegree award,Short-term on-the-job training,1
27-4021,Photographers,$14.29 ,181,339,252.00,High school diploma or equivalent,Long-term on-the-job training,41
27-4031,"Camera Operators, Television, Video, and Motion Picture",$16.08 ,9,<10,<10,Bachelor's degree,None,0
27-4032,Film and Video Editors,$20.24 ,15,<10,<10,Bachelor's degree,None,1
27-4099,"Media and Communication Equipment Workers, All Other",$18.63 ,1,11,<10,High school diploma or equivalent,Short-term on-the-job training,0
29-1011,Chiropractors,$24.41 ,35,26,<10,Doctoral or professional degree,None,56
29-1021,"Dentists, General",$56.75 ,140,166,61.00,Doctoral or professional degree,None,178
29-1022,Oral and Maxillofacial Surgeons,$83.72 ,5,<10,<10,Doctoral or professional degree,Internship/residency,56
29-1023,Orthodontists,$63.86 ,10,12,<10,Doctoral or professional degree,Internship/residency,62
29-1024,Prosthodontists,Insf. Data,Insf. Data,<10,<10,Doctoral or professional degree,Internship/residency,56
29-1029,"Dentists, All Other Specialists",$65.85 ,4,<10,<10,Doctoral or professional degree,Internship/residency,71
29-1031,Dietitians and Nutritionists,$22.24 ,64,80,23.00,Bachelor's degree,Internship/residency,56
29-1041,Optometrists,$35.32 ,86,48,15.00,Doctoral or professional degree,None,56
29-1051,Pharmacists,$53.73 ,125,233,97.00,Doctoral or professional degree,None,143
29-1061,Anesthesiologists,$91.56 ,30,55,28.00,Doctoral or professional degree,Internship/residency,162
29-1062,Family and General Practitioners,$62.42 ,49,106,57.00,Doctoral or professional degree,Internship/residency,222
29-1063,"Internists, General",$66.47 ,15,29,17.00,Doctoral or professional degree,Internship/residency,162
29-1064,Obstetricians and Gynecologists,$72.90 ,16,33,17.00,Doctoral or professional degree,Internship/residency,162
29-1065,"Pediatricians, General",$61.30 ,13,44,23.00,Doctoral or professional degree,Internship/residency,222
29-1066,Psychiatrists,$75.36 ,10,16,<10,Doctoral or professional degree,Internship/residency,0
29-1067,Surgeons,$98.29 ,36,67,34.00,Doctoral or professional degree,Internship/residency,205
29-1069,"Physicians and Surgeons, All Other",$37.93 ,208,437,215.00,Doctoral or professional degree,Internship/residency,218
29-1071,Physician Assistants,$44.63 ,107,43,<10,Master's degree,None,58
29-1081,Podiatrists,$34.88 ,6,11,<10,Doctoral or professional degree,Internship/residency,56
29-1122,Occupational Therapists,$32.46 ,160,59,<10,Master's degree,None,109
29-1123,Physical Therapists,$34.03 ,376,99,17.00,Doctoral or professional degree,None,110
29-1124,Radiation Therapists,$33.66 ,11,<10,<10,Associate's degree,None,73
29-1125,Recreational Therapists,$16.60 ,8,<10,<10,Bachelor's degree,None,56
29-1126,Respiratory Therapists,$20.46 ,87,143,14.00,Associate's degree,None,102
29-1127,Speech-Language Pathologists,$28.79 ,196,110,19.00,Master's degree,None,76
29-1128,Exercise Physiologists,$20.08 ,17,22,<10,Bachelor's degree,None,60
29-1129,"Therapists, All Other",$28.22 ,74,80,21.00,Bachelor's degree,None,116
29-1131,Veterinarians,$31.71 ,49,61,20.00,Doctoral or professional degree,None,56
29-1141,Registered Nurses,$24.59 ,1984,3197,567.00,Bachelor's degree,None,1171
29-1151,Nurse Anesthetists,$61.29 ,51,88,17.00,Master's degree,None,3
29-1161,Nurse Midwives,$42.05 ,8,11,<10,Master's degree,None,3
29-1171,Nurse Practitioners,$38.37 ,188,138,21.00,Master's degree,None,63
29-1181,Audiologists,$24.78 ,20,<10,<10,Doctoral or professional degree,None,25
29-1199,"Health Diagnosing and Treating Practitioners, All Other",$19.47 ,106,80,21.00,Master's degree,None,128
29-2011,Medical and Clinical Laboratory Technologists,$24.92 ,89,150,25.00,Bachelor's degree,None,70
29-2012,Medical and Clinical Laboratory Technicians,$15.25 ,109,138,23.00,Associate's degree,None,97
29-2021,Dental Hygienists,$27.81 ,187,115,14.00,Associate's degree,None,84
29-2031,Cardiovascular Technologists and Technicians,$15.58 ,58,52,<10,Associate's degree,None,60
29-2032,Diagnostic Medical Sonographers,$22.86 ,72,51,<10,Associate's degree,None,81
29-2033,Nuclear Medicine Technologists,$26.49 ,3,17,<10,Associate's degree,None,56
29-2034,Radiologic Technologists,$20.66 ,107,216,32.00,Associate's degree,None,149
29-2035,Magnetic Resonance Imaging Technologists,$25.80 ,15,21,<10,Associate's degree,None,93
29-2041,Emergency Medical Technicians and Paramedics,$11.23 ,172,79,13.00,Postsecondary nondegree award,None,58
29-2051,Dietetic Technicians,$11.76 ,11,<10,<10,Associate's degree,None,56
29-2052,Pharmacy Technicians,$11.62 ,256,199,38.00,High school diploma or equivalent,Moderate-term on-the-job training,112
29-2053,Psychiatric Technicians,$11.97 ,-15,22,<10,Postsecondary nondegree award,Short-term on-the-job training,56
29-2054,Respiratory Therapy Technicians,$17.33 ,-4,<10,<10,Associate's degree,None,102
29-2055,Surgical Technologists,$18.21 ,76,52,<10,Postsecondary nondegree award,None,99
29-2056,Veterinary Technologists and Technicians,$11.39 ,82,42,10.00,Associate's degree,None,105
29-2057,Ophthalmic Medical Technicians,$18.03 ,57,21,<10,Postsecondary nondegree award,None,0
29-2061,Licensed Practical and Licensed Vocational Nurses,$17.02 ,402,685,177.00,Postsecondary nondegree award,None,711
29-2071,Medical Records and Health Information Technicians,$13.08 ,151,283,67.00,Postsecondary nondegree award,None,213
29-2081,"Opticians, Dispensing",$13.75 ,108,54,16.00,High school diploma or equivalent,Long-term on-the-job training,56
29-2091,Orthotists and Prosthetists,$18.86 ,9,14,<10,Master's degree,Internship/residency,56
29-2092,Hearing Aid Specialists,$21.47 ,9,<10,<10,High school diploma or equivalent,None,0
29-2099,"Health Technologists and Technicians, All Other",$18.31 ,138,96,24.00,High school diploma or equivalent,None,56
29-9011,Occupational Health and Safety Specialists,$23.83 ,6,72,11.00,Bachelor's degree,None,58
29-9012,Occupational Health and Safety Technicians,$15.76 ,5,15,<10,High school diploma or equivalent,Moderate-term on-the-job training,56
29-9091,Athletic Trainers,$17.72 ,34,15,<10,Bachelor's degree,None,64
29-9092,Genetic Counselors,Insf. Data,Insf. Data,<10,<10,Master's degree,None,0
29-9099,"Healthcare Practitioners and Technical Workers, All Other",$15.52 ,28,25,<10,Postsecondary nondegree award,None,56
31-1011,Home Health Aides,$8.15 ,816,351,172.00,No formal educational credential,Short-term on-the-job training,56
31-1013,Psychiatric Aides,$10.32 ,-23,31,11.00,High school diploma or equivalent,Short-term on-the-job training,56
31-1014,Nursing Assistants,$10.50 ,939,1067,339.00,Postsecondary nondegree award,None,69
31-1015,Orderlies,$10.53 ,27,38,11.00,High school diploma or equivalent,Short-term on-the-job training,69
31-2011,Occupational Therapy Assistants,$23.10 ,84,17,<10,Associate's degree,None,117
31-2012,Occupational Therapy Aides,$10.01 ,16,<10,<10,High school diploma or equivalent,Short-term on-the-job training,117
31-2021,Physical Therapist Assistants,$22.70 ,191,42,<10,Associate's degree,None,75
31-2022,Physical Therapist Aides,$11.64 ,113,16,<10,High school diploma or equivalent,Short-term on-the-job training,75
31-9011,Massage Therapists,$14.48 ,218,146,45.00,Postsecondary nondegree award,None,81
31-9091,Dental Assistants,$15.70 ,331,157,20.00,Postsecondary nondegree award,None,209
31-9092,Medical Assistants,$11.90 ,639,299,54.00,Postsecondary nondegree award,None,634
31-9093,Medical Equipment Preparers,$13.00 ,40,51,<10,High school diploma or equivalent,Moderate-term on-the-job training,388
31-9094,Medical Transcriptionists,$14.86 ,0,95,18.00,Postsecondary nondegree award,None,63
31-9095,Pharmacy Aides,$8.97 ,17,22,<10,High school diploma or equivalent,Short-term on-the-job training,112
31-9096,Veterinary Assistants and Laboratory Animal Caretakers,$8.79 ,39,34,<10,High school diploma or equivalent,Short-term on-the-job training,105
31-9097,Phlebotomists,$12.96 ,46,70,10.00,Postsecondary nondegree award,None,72
31-9099,"Healthcare Support Workers, All Other",$12.61 ,45,49,11.00,High school diploma or equivalent,None,56
33-1011,First-Line Supervisors of Correctional Officers,$14.83 ,14,66,11.00,High school diploma or equivalent,Moderate-term on-the-job training,0
33-1012,First-Line Supervisors of Police and Detectives,$25.84 ,22,62,12.00,High school diploma or equivalent,Moderate-term on-the-job training,483
33-1021,First-Line Supervisors of Fire Fighting and Prevention Workers,$17.21 ,15,39,<10,Postsecondary nondegree award,Moderate-term on-the-job training,0
33-1099,"First-Line Supervisors of Protective Service Workers, All Other",$14.27 ,3,68,21.00,High school diploma or equivalent,None,0
33-2011,Firefighters,$13.84 ,56,71,<10,Postsecondary nondegree award,Long-term on-the-job training,17
33-2021,Fire Inspectors and Investigators,$22.83 ,3,<10,<10,Postsecondary nondegree award,Moderate-term on-the-job training,17
33-2022,Forest Fire Inspectors and Prevention Specialists,Insf. Data,Insf. Data,<10,<10,High school diploma or equivalent,Moderate-term on-the-job training,17
33-3011,Bailiffs,$10.56 ,2,<10,<10,High school diploma or equivalent,Moderate-term on-the-job training,0
33-3012,Correctional Officers and Jailers,$11.72 ,68,195,55.00,High school diploma or equivalent,Moderate-term on-the-job training,0
33-3021,Detectives and Criminal Investigators,$20.51 ,0,27,<10,High school diploma or equivalent,Moderate-term on-the-job training,15
33-3031,Fish and Game Wardens,$20.00 ,1,<10,<10,Bachelor's degree,Moderate-term on-the-job training,0
33-3041,Parking Enforcement Workers,$13.68 ,-3,<10,<10,High school diploma or equivalent,Short-term on-the-job training,0
33-3051,Police and Sheriff's Patrol Officers,$18.32 ,128,174,43.00,High school diploma or equivalent,Moderate-term on-the-job training,15
33-3052,Transit and Railroad Police,$20.84 ,1,<10,<10,High school diploma or equivalent,Moderate-term on-the-job training,0
33-9011,Animal Control Workers,$12.45 ,5,13,<10,High school diploma or equivalent,Moderate-term on-the-job training,0
33-9021,Private Detectives and Investigators,$18.33 ,26,163,53.00,High school diploma or equivalent,Moderate-term on-the-job training,0
33-9031,Gaming Surveillance Officers and Gaming Investigators,$12.01 ,-5,<10,<10,High school diploma or equivalent,Short-term on-the-job training,0
33-9032,Security Guards,$9.75 ,-57,924,566.00,High school diploma or equivalent,Short-term on-the-job training,0
33-9091,Crossing Guards,$11.42 ,10,22,37.00,No formal educational credential,Short-term on-the-job training,0
33-9092,"Lifeguards, Ski Patrol, and Other Recreational Protective Service Workers",$8.31 ,44,18,26.00,No formal educational credential,Short-term on-the-job training,0
33-9093,Transportation Security Screeners,$16.77 ,-7,26,13.00,High school diploma or equivalent,Short-term on-the-job training,0
33-9099,"Protective Service Workers, All Other",$13.67 ,31,25,32.00,High school diploma or equivalent,Short-term on-the-job training,0
35-1011,Chefs and Head Cooks,$13.74 ,49,55,10.00,High school diploma or equivalent,None,187
35-1012,First-Line Supervisors of Food Preparation and Serving Workers,$11.06 ,381,393,139.00,High school diploma or equivalent,None,46
35-2011,"Cooks, Fast Food",$8.12 ,-159,126,51.00,No formal educational credential,Short-term on-the-job training,0
35-2012,"Cooks, Institution and Cafeteria",$10.52 ,40,372,149.00,No formal educational credential,Short-term on-the-job training,35
35-2013,"Cooks, Private Household",Insf. Data,Insf. Data,<10,<10,Postsecondary nondegree award,None,152
35-2014,"Cooks, Restaurant",$8.87 ,751,398,156.00,No formal educational credential,Moderate-term on-the-job training,187
35-2015,"Cooks, Short Order",$8.32 ,-37,71,28.00,No formal educational credential,Short-term on-the-job training,0
35-2019,"Cooks, All Other",$9.88 ,0,21,<10,No formal educational credential,Moderate-term on-the-job training,187
35-2021,Food Preparation Workers,$8.66 ,247,284,133.00,No formal educational credential,Short-term on-the-job training,35
35-3011,Bartenders,$8.64 ,190,137,74.00,No formal educational credential,Short-term on-the-job training,0
35-3021,"Combined Food Preparation and Serving Workers, Including Fast Food",$8.17 ,1651,1140,581.00,No formal educational credential,Short-term on-the-job training,0
35-3022,"Counter Attendants, Cafeteria, Food Concession, and Coffee Shop",$8.52 ,107,52,34.00,No formal educational credential,Short-term on-the-job training,0
35-3031,Waiters and Waitresses,$8.38 ,483,435,196.00,No formal educational credential,Short-term on-the-job training,0
35-3041,"Food Servers, Nonrestaurant",$8.40 ,73,79,42.00,No formal educational credential,Short-term on-the-job training,0
35-9011,Dining Room and Cafeteria Attendants and Bartender Helpers,$8.23 ,99,80,46.00,No formal educational credential,Short-term on-the-job training,0
35-9021,Dishwashers,$8.31 ,3,127,69.00,No formal educational credential,Short-term on-the-job training,0
35-9031,"Hosts and Hostesses, Restaurant, Lounge, and Coffee Shop",$8.26 ,111,79,94.00,No formal educational credential,None,0
35-9099,"Food Preparation and Serving Related Workers, All Other",$8.46 ,7,29,16.00,No formal educational credential,Short-term on-the-job training,0
37-1011,First-Line Supervisors of Housekeeping and Janitorial Workers,$13.13 ,36,269,98.00,High school diploma or equivalent,None,456
37-1012,"First-Line Supervisors of Landscaping, Lawn Service, and Groundskeeping Workers",$14.36 ,21,128,30.00,High school diploma or equivalent,None,0
37-2011,"Janitors and Cleaners, Except Maids and Housekeeping Cleaners",$9.41 ,635,2317,1167.00,No formal educational credential,Short-term on-the-job training,0
37-2012,Maids and Housekeeping Cleaners,$8.60 ,369,1231,467.00,No formal educational credential,Short-term on-the-job training,0
37-2019,"Building Cleaning Workers, All Other",$13.47 ,2,<10,<10,No formal educational credential,Short-term on-the-job training,0
37-2021,Pest Control Workers,$11.90 ,7,50,23.00,High school diploma or equivalent,Moderate-term on-the-job training,0
37-3011,Landscaping and Groundskeeping Workers,$10.22 ,483,593,360.00,No formal educational credential,Short-term on-the-job training,0
37-3012,"Pesticide Handlers, Sprayers, and Applicators, Vegetation",$14.40 ,11,<10,<10,High school diploma or equivalent,Moderate-term on-the-job training,0
37-3013,Tree Trimmers and Pruners,$12.62 ,28,32,17.00,High school diploma or equivalent,Short-term on-the-job training,0
37-3019,"Grounds Maintenance Workers, All Other",$11.53 ,8,<10,<10,No formal educational credential,Short-term on-the-job training,0
39-1011,Gaming Supervisors,$18.07 ,-8,14,<10,High school diploma or equivalent,None,465
39-1012,Slot Supervisors,$12.96 ,-5,<10,<10,High school diploma or equivalent,None,10
39-1021,First-Line Supervisors of Personal Service Workers,$12.02 ,-24,154,71.00,High school diploma or equivalent,None,465
39-2011,Animal Trainers,$11.20 ,-8,93,41.00,High school diploma or equivalent,Moderate-term on-the-job training,0
39-2021,Nonfarm Animal Caretakers,$9.98 ,45,465,195.00,High school diploma or equivalent,Short-term on-the-job training,0
39-3011,Gaming Dealers,$9.78 ,-46,56,25.00,High school diploma or equivalent,Short-term on-the-job training,0
39-3012,Gaming and Sports Book Writers and Runners,$10.31 ,-33,27,24.00,High school diploma or equivalent,Short-term on-the-job training,0
39-3019,"Gaming Service Workers, All Other",$11.66 ,7,<10,<10,High school diploma or equivalent,Short-term on-the-job training,0
39-3021,Motion Picture Projectionists,$9.05 ,-3,<10,0.00,No formal educational credential,Short-term on-the-job training,0
39-3031,"Ushers, Lobby Attendants, and Ticket Takers",$7.86 ,-18,91,122.00,No formal educational credential,Short-term on-the-job training,0
39-3091,Amusement and Recreation Attendants,$8.20 ,80,128,200.00,No formal educational credential,Short-term on-the-job training,0
39-3092,Costume Attendants,$16.24 ,2,<10,<10,High school diploma or equivalent,Short-term on-the-job training,0
39-3093,"Locker Room, Coatroom, and Dressing Room Attendants",$8.53 ,-2,14,15.00,High school diploma or equivalent,Short-term on-the-job training,0
39-3099,"Entertainment Attendants and Related Workers, All Other",$9.02 ,9,18,19.00,High school diploma or equivalent,Short-term on-the-job training,0
39-4011,Embalmers,$11.23 ,1,<10,16.00,Postsecondary nondegree award,Short-term on-the-job training,29
39-4021,Funeral Attendants,$9.07 ,25,43,85.00,High school diploma or equivalent,Short-term on-the-job training,29
39-4031,"Morticians, Undertakers, and Funeral Directors",$15.88 ,19,33,27.00,Associate's degree,Long-term on-the-job training,29
39-5011,Barbers,$9.74 ,3,112,144.00,Postsecondary nondegree award,None,26
39-5012,"Hairdressers, Hairstylists, and Cosmetologists",$10.70 ,568,718,300.00,Postsecondary nondegree award,None,403
39-5091,"Makeup Artists, Theatrical and Performance",$20.87 ,1,<10,<10,Postsecondary nondegree award,None,377
39-5092,Manicurists and Pedicurists,$9.91 ,125,62,16.00,Postsecondary nondegree award,None,477
39-5093,Shampooers,$8.71 ,26,12,<10,No formal educational credential,Short-term on-the-job training,0
39-5094,Skincare Specialists,$11.82 ,61,55,12.00,Postsecondary nondegree award,None,390
39-6011,Baggage Porters and Bellhops,$8.09 ,13,14,<10,High school diploma or equivalent,Short-term on-the-job training,0
39-6012,Concierges,$12.37 ,6,<10,<10,High school diploma or equivalent,Moderate-term on-the-job training,0
39-7011,Tour Guides and Escorts,$15.70 ,42,55,46.00,High school diploma or equivalent,Moderate-term on-the-job training,0
39-7012,Travel Guides,$23.02 ,3,<10,<10,High school diploma or equivalent,Moderate-term on-the-job training,15
39-9011,Childcare Workers,$7.89 ,449,1021,540.00,High school diploma or equivalent,Short-term on-the-job training,101
39-9021,Personal Care Aides,$8.87 ,1585,1122,689.00,No formal educational credential,Short-term on-the-job training,35
39-9031,Fitness Trainers and Aerobics Instructors,$13.68 ,316,154,89.00,High school diploma or equivalent,Short-term on-the-job training,390
39-9032,Recreation Workers,$9.35 ,127,129,71.00,High school diploma or equivalent,Short-term on-the-job training,137
39-9041,Residential Advisors,$8.55 ,50,94,19.00,High school diploma or equivalent,Short-term on-the-job training,0
39-9099,"Personal Care and Service Workers, All Other",$11.39 ,103,131,89.00,High school diploma or equivalent,Short-term on-the-job training,0
41-1011,First-Line Supervisors of Retail Sales Workers,$11.38 ,128,1512,623.00,High school diploma or equivalent,None,173
41-1012,First-Line Supervisors of Non-Retail Sales Workers,$17.98 ,102,649,305.00,High school diploma or equivalent,None,173
41-2011,Cashiers,$8.26 ,46,1530,761.00,No formal educational credential,Short-term on-the-job training,0
41-2012,Gaming Change Persons and Booth Cashiers,$10.66 ,-2,<10,<10,High school diploma or equivalent,Short-term on-the-job training,0
41-2021,Counter and Rental Clerks,$8.57 ,44,246,170.00,No formal educational credential,Short-term on-the-job training,0
41-2022,Parts Salespersons,$9.99 ,66,224,80.00,No formal educational credential,Moderate-term on-the-job training,0
41-2031,Retail Salespersons,$8.72 ,1085,3457,1908.00,No formal educational credential,Short-term on-the-job training,0
41-3011,Advertising Sales Agents,$16.41 ,-48,152,44.00,High school diploma or equivalent,Moderate-term on-the-job training,0
41-3021,Insurance Sales Agents,$17.44 ,869,1160,512.00,High school diploma or equivalent,Moderate-term on-the-job training,0
41-3031,"Securities, Commodities, and Financial Services Sales Agents",$22.53 ,-140,595,321.00,Bachelor's degree,Moderate-term on-the-job training,0
41-3041,Travel Agents,$13.08 ,-46,50,36.00,High school diploma or equivalent,Moderate-term on-the-job training,0
41-3099,"Sales Representatives, Services, All Other",$16.15 ,255,699,237.00,High school diploma or equivalent,Moderate-term on-the-job training,173
41-4011,"Sales Representatives, Wholesale and Manufacturing, Technical and Scientific Products",$29.62 ,140,311,89.00,Bachelor's degree,Moderate-term on-the-job training,173
41-4012,"Sales Representatives, Wholesale and Manufacturing, Except Technical and Scientific Products",$19.44 ,371,1668,547.00,High school diploma or equivalent,Moderate-term on-the-job training,173
41-9011,Demonstrators and Product Promoters,$12.07 ,-15,76,123.00,High school diploma or equivalent,Short-term on-the-job training,0
41-9012,Models,$15.11 ,13,<10,<10,No formal educational credential,None,0
41-9021,Real Estate Brokers,$24.28 ,187,966,526.00,High school diploma or equivalent,None,12
41-9022,Real Estate Sales Agents,$16.53 ,750,3793,2059.00,High school diploma or equivalent,Moderate-term on-the-job training,12
41-9031,Sales Engineers,$29.78 ,18,18,<10,Bachelor's degree,Moderate-term on-the-job training,0
41-9041,Telemarketers,$9.92 ,181,218,78.00,No formal educational credential,Short-term on-the-job training,0
41-9091,"Door-to-Door Sales Workers, News and Street Vendors, and Related Workers",$6.93 ,-104,637,511.00,No formal educational credential,Short-term on-the-job training,0
41-9099,"Sales and Related Workers, All Other",$16.23 ,59,202,153.00,High school diploma or equivalent,None,173
43-1011,First-Line Supervisors of Office and Administrative Support Workers,$18.84 ,583,1344,285.00,High school diploma or equivalent,None,20
43-2011,"Switchboard Operators, Including Answering Service",$9.82 ,-105,144,80.00,High school diploma or equivalent,Short-term on-the-job training,0
43-2021,Telephone Operators,$15.32 ,-7,<10,<10,High school diploma or equivalent,Short-term on-the-job training,0
43-2099,"Communications Equipment Operators, All Other",Insf. Data,Insf. Data,<10,<10,High school diploma or equivalent,Short-term on-the-job training,0
43-3011,Bill and Account Collectors,$14.36 ,-61,175,51.00,High school diploma or equivalent,Moderate-term on-the-job training,0
43-3021,Billing and Posting Clerks,$14.56 ,382,672,175.00,High school diploma or equivalent,Moderate-term on-the-job training,9
43-3031,"Bookkeeping, Accounting, and Auditing Clerks",$14.17 ,-485,2241,908.00,"Some college, no degree",Moderate-term on-the-job training,9
43-3041,Gaming Cage Workers,$10.65 ,-2,<10,<10,High school diploma or equivalent,Short-term on-the-job training,9
43-3051,Payroll and Timekeeping Clerks,$16.20 ,-11,197,55.00,High school diploma or equivalent,Moderate-term on-the-job training,9
43-3061,Procurement Clerks,$15.93 ,-1,58,10.00,High school diploma or equivalent,Moderate-term on-the-job training,0
43-3071,Tellers,$11.11 ,-262,327,66.00,High school diploma or equivalent,Short-term on-the-job training,0
43-3099,"Financial Clerks, All Other",$17.28 ,2,19,<10,High school diploma or equivalent,Short-term on-the-job training,0
43-4011,Brokerage Clerks,$16.67 ,2,33,<10,High school diploma or equivalent,Moderate-term on-the-job training,9
43-4021,Correspondence Clerks,$16.96 ,3,<10,<10,High school diploma or equivalent,Short-term on-the-job training,0
43-4031,"Court, Municipal, and License Clerks",$13.49 ,39,121,60.00,High school diploma or equivalent,Moderate-term on-the-job training,0
43-4041,"Credit Authorizers, Checkers, and Clerks",$14.15 ,1,14,<10,High school diploma or equivalent,Moderate-term on-the-job training,0
43-4051,Customer Service Representatives,$12.64 ,2127,1622,324.00,High school diploma or equivalent,Short-term on-the-job training,0
43-4061,"Eligibility Interviewers, Government Programs",$16.78 ,9,60,18.00,High school diploma or equivalent,Moderate-term on-the-job training,0
43-4071,File Clerks,$13.13 ,20,111,70.00,High school diploma or equivalent,Short-term on-the-job training,0
43-4081,"Hotel, Motel, and Resort Desk Clerks",$8.77 ,46,91,52.00,High school diploma or equivalent,Short-term on-the-job training,0
43-4111,"Interviewers, Except Eligibility and Loan",$13.30 ,-77,283,120.00,High school diploma or equivalent,Short-term on-the-job training,0
43-4121,"Library Assistants, Clerical",$11.45 ,34,97,68.00,High school diploma or equivalent,Short-term on-the-job training,0
43-4131,Loan Interviewers and Clerks,$12.89 ,-82,110,16.00,High school diploma or equivalent,Short-term on-the-job training,0
43-4141,New Accounts Clerks,$14.60 ,-34,32,<10,High school diploma or equivalent,Moderate-term on-the-job training,0
43-4151,Order Clerks,$12.93 ,103,134,40.00,High school diploma or equivalent,Short-term on-the-job training,0
43-4161,"Human Resources Assistants, Except Payroll and Timekeeping",$14.36 ,4,118,35.00,Associate's degree,None,0
43-4171,Receptionists and Information Clerks,$11.26 ,480,843,428.00,High school diploma or equivalent,Short-term on-the-job training,17
43-4181,Reservation and Transportation Ticket Agents and Travel Clerks,$12.32 ,-32,37,15.00,High school diploma or equivalent,Short-term on-the-job training,0
43-4199,"Information and Record Clerks, All Other",$13.83 ,38,100,57.00,High school diploma or equivalent,Short-term on-the-job training,0
43-5011,Cargo and Freight Agents,$17.75 ,36,110,12.00,High school diploma or equivalent,Short-term on-the-job training,0
43-5021,Couriers and Messengers,$13.92 ,64,355,186.00,High school diploma or equivalent,Short-term on-the-job training,0
43-5031,"Police, Fire, and Ambulance Dispatchers",$13.74 ,6,53,17.00,High school diploma or equivalent,Moderate-term on-the-job training,0
43-5032,"Dispatchers, Except Police, Fire, and Ambulance",$13.16 ,74,162,34.00,High school diploma or equivalent,Moderate-term on-the-job training,0
43-5041,"Meter Readers, Utilities",$9.77 ,-5,15,<10,High school diploma or equivalent,Short-term on-the-job training,0
43-5051,Postal Service Clerks,$14.91 ,-44,77,20.00,High school diploma or equivalent,Short-term on-the-job training,0
43-5052,Postal Service Mail Carriers,$20.48 ,-235,318,70.00,High school diploma or equivalent,Short-term on-the-job training,0
43-5053,"Postal Service Mail Sorters, Processors, and Processing Machine Operators",$20.51 ,-142,153,41.00,High school diploma or equivalent,Short-term on-the-job training,0
43-5061,"Production, Planning, and Expediting Clerks",$16.81 ,71,296,46.00,High school diploma or equivalent,Moderate-term on-the-job training,0
43-5071,"Shipping, Receiving, and Traffic Clerks",$12.53 ,122,713,124.00,High school diploma or equivalent,Short-term on-the-job training,0
43-5081,Stock Clerks and Order Fillers,$9.54 ,485,1504,533.00,No formal educational credential,Short-term on-the-job training,0
43-5111,"Weighers, Measurers, Checkers, and Samplers, Recordkeeping",$11.78 ,22,38,14.00,High school diploma or equivalent,Short-term on-the-job training,0
43-6011,Executive Secretaries and Executive Administrative Assistants,$17.80 ,58,547,182.00,High school diploma or equivalent,None,70
43-6012,Legal Secretaries,$13.53 ,-16,275,79.00,High school diploma or equivalent,Moderate-term on-the-job training,1
43-6013,Medical Secretaries,$12.09 ,497,487,124.00,High school diploma or equivalent,Moderate-term on-the-job training,72
43-6014,"Secretaries and Administrative Assistants, Except Legal, Medical, and Executive",$12.52 ,596,2503,842.00,High school diploma or equivalent,Short-term on-the-job training,65
43-9011,Computer Operators,$17.01 ,-21,38,11.00,High school diploma or equivalent,Moderate-term on-the-job training,7
43-9021,Data Entry Keyers,$15.33 ,61,115,34.00,High school diploma or equivalent,Moderate-term on-the-job training,0
43-9022,Word Processors and Typists,$15.48 ,-35,68,30.00,High school diploma or equivalent,Short-term on-the-job training,0
43-9031,Desktop Publishers,$21.92 ,-5,12,<10,Associate's degree,Short-term on-the-job training,0
43-9041,Insurance Claims and Policy Processing Clerks,$15.37 ,709,478,69.00,High school diploma or equivalent,Moderate-term on-the-job training,0
43-9051,"Mail Clerks and Mail Machine Operators, Except Postal Service",$10.24 ,-51,97,32.00,High school diploma or equivalent,Short-term on-the-job training,0
43-9061,"Office Clerks, General",$11.00 ,886,1792,735.00,High school diploma or equivalent,Short-term on-the-job training,0
43-9071,"Office Machine Operators, Except Computer",$11.84 ,-23,38,12.00,High school diploma or equivalent,Short-term on-the-job training,0
43-9081,Proofreaders and Copy Markers,$14.08 ,-3,34,17.00,Bachelor's degree,None,0
43-9111,Statistical Assistants,$14.48 ,-95,104,36.00,Bachelor's degree,None,9
43-9199,"Office and Administrative Support Workers, All Other",$16.02 ,141,313,118.00,High school diploma or equivalent,Short-term on-the-job training,0
45-1011,"First-Line Supervisors of Farming, Fishing, and Forestry Workers",$14.58 ,1,16,<10,High school diploma or equivalent,None,0
45-2011,Agricultural Inspectors,$18.28 ,0,<10,<10,Bachelor's degree,Moderate-term on-the-job training,0
45-2021,Animal Breeders,Insf. Data,Insf. Data,<10,<10,High school diploma or equivalent,Short-term on-the-job training,0
45-2041,"Graders and Sorters, Agricultural Products",$10.84 ,-5,21,<10,No formal educational credential,Short-term on-the-job training,0
45-2091,Agricultural Equipment Operators,$11.48 ,4,15,<10,No formal educational credential,Short-term on-the-job training,0
45-2092,"Farmworkers and Laborers, Crop, Nursery, and Greenhouse",$9.18 ,-36,159,71.00,No formal educational credential,Short-term on-the-job training,0
45-2093,"Farmworkers, Farm, Ranch, and Aquacultural Animals",$9.52 ,13,28,15.00,No formal educational credential,Short-term on-the-job training,0
45-2099,"Agricultural Workers, All Other",$11.74 ,1,<10,<10,No formal educational credential,Short-term on-the-job training,0
45-3011,Fishers and Related Fishing Workers,$13.24 ,11,<10,<10,No formal educational credential,Moderate-term on-the-job training,0
45-3021,Hunters and Trappers,$11.53 ,6,<10,<10,No formal educational credential,Short-term on-the-job training,0
45-4011,Forest and Conservation Workers,$12.19 ,4,<10,<10,High school diploma or equivalent,Moderate-term on-the-job training,0
45-4021,Fallers,$13.55 ,0,<10,<10,High school diploma or equivalent,Moderate-term on-the-job training,0
45-4022,Logging Equipment Operators,$13.22 ,9,16,12.00,High school diploma or equivalent,Moderate-term on-the-job training,0
45-4023,Log Graders and Scalers,$14.95 ,0,<10,<10,High school diploma or equivalent,Moderate-term on-the-job training,0
45-4029,"Logging Workers, All Other",$12.96 ,0,<10,<10,High school diploma or equivalent,Moderate-term on-the-job training,0
47-1011,First-Line Supervisors of Construction Trades and Extraction Workers,$20.09 ,42,555,136.00,High school diploma or equivalent,None,129
47-2011,Boilermakers,$16.01 ,16,21,<10,High school diploma or equivalent,Apprenticeship,0
47-2021,Brickmasons and Blockmasons,$15.70 ,-75,73,18.00,High school diploma or equivalent,Apprenticeship,0
47-2022,Stonemasons,$13.37 ,-4,<10,<10,High school diploma or equivalent,Apprenticeship,0
47-2031,Carpenters,$14.38 ,216,738,200.00,High school diploma or equivalent,Apprenticeship,78
47-2041,Carpet Installers,$12.55 ,-14,19,<10,No formal educational credential,Short-term on-the-job training,0
47-2042,"Floor Layers, Except Carpet, Wood, and Hard Tiles",$13.94 ,-1,<10,<10,No formal educational credential,Moderate-term on-the-job training,0
47-2043,Floor Sanders and Finishers,$13.25 ,-1,<10,<10,No formal educational credential,Moderate-term on-the-job training,0
47-2044,Tile and Marble Setters,$14.17 ,-8,28,<10,No formal educational credential,Long-term on-the-job training,0
47-2051,Cement Masons and Concrete Finishers,$13.16 ,87,99,18.00,No formal educational credential,Moderate-term on-the-job training,0
47-2053,Terrazzo Workers and Finishers,Insf. Data,Insf. Data,<10,0.00,High school diploma or equivalent,Apprenticeship,0
47-2061,Construction Laborers,$13.05 ,939,733,233.00,No formal educational credential,Short-term on-the-job training,0
47-2071,"Paving, Surfacing, and Tamping Equipment Operators",$15.53 ,5,51,12.00,High school diploma or equivalent,Moderate-term on-the-job training,0
47-2072,Pile-Driver Operators,Insf. Data,Insf. Data,<10,<10,High school diploma or equivalent,Moderate-term on-the-job training,0
47-2073,Operating Engineers and Other Construction Equipment Operators,$15.41 ,76,268,77.00,High school diploma or equivalent,Moderate-term on-the-job training,0
47-2081,Drywall and Ceiling Tile Installers,$13.47 ,-110,42,<10,No formal educational credential,Moderate-term on-the-job training,0
47-2082,Tapers,$16.21 ,-19,<10,<10,No formal educational credential,Moderate-term on-the-job training,0
47-2111,Electricians,$17.81 ,406,543,105.00,High school diploma or equivalent,Apprenticeship,40
47-2121,Glaziers,$14.68 ,-3,46,11.00,High school diploma or equivalent,Apprenticeship,0
47-2131,"Insulation Workers, Floor, Ceiling, and Wall",$12.54 ,-72,20,<10,No formal educational credential,Short-term on-the-job training,0
47-2132,"Insulation Workers, Mechanical",$18.08 ,90,17,<10,High school diploma or equivalent,Apprenticeship,0
47-2141,"Painters, Construction and Maintenance",$14.03 ,78,320,90.00,No formal educational credential,Moderate-term on-the-job training,0
47-2142,Paperhangers,$13.39 ,0,<10,<10,No formal educational credential,Long-term on-the-job training,0
47-2151,Pipelayers,$13.04 ,10,13,<10,No formal educational credential,Short-term on-the-job training,11
47-2152,"Plumbers, Pipefitters, and Steamfitters",$15.44 ,386,434,80.00,High school diploma or equivalent,Apprenticeship,11
47-2161,Plasterers and Stucco Masons,$16.08 ,-4,<10,<10,No formal educational credential,Long-term on-the-job training,0
47-2171,Reinforcing Iron and Rebar Workers,$17.14 ,2,20,<10,High school diploma or equivalent,Apprenticeship,0
47-2181,Roofers,$13.81 ,160,71,15.00,No formal educational credential,Moderate-term on-the-job training,0
47-2211,Sheet Metal Workers,$15.77 ,97,109,19.00,High school diploma or equivalent,Apprenticeship,0
47-2221,Structural Iron and Steel Workers,$16.38 ,35,86,<10,High school diploma or equivalent,Apprenticeship,0
47-2231,Solar Photovoltaic Installers,$16.42 ,4,<10,<10,High school diploma or equivalent,Moderate-term on-the-job training,0
47-3011,"Helpers--Brickmasons, Blockmasons, Stonemasons, and Tile and Marble Setters",$10.62 ,-14,13,<10,No formal educational credential,Short-term on-the-job training,0
47-3012,Helpers--Carpenters,$12.81 ,13,11,<10,No formal educational credential,Short-term on-the-job training,78
47-3013,Helpers--Electricians,$10.09 ,35,18,<10,High school diploma or equivalent,Short-term on-the-job training,40
47-3014,"Helpers--Painters, Paperhangers, Plasterers, and Stucco Masons",$9.97 ,0,<10,<10,No formal educational credential,Short-term on-the-job training,0
47-3015,"Helpers--Pipelayers, Plumbers, Pipefitters, and Steamfitters",$9.77 ,49,35,<10,High school diploma or equivalent,Short-term on-the-job training,11
47-3016,Helpers--Roofers,$11.22 ,22,17,<10,No formal educational credential,Short-term on-the-job training,0
47-3019,"Helpers, Construction Trades, All Other",$13.53 ,8,<10,<10,No formal educational credential,Short-term on-the-job training,0
47-4011,Construction and Building Inspectors,$17.89 ,19,99,50.00,High school diploma or equivalent,Moderate-term on-the-job training,0
47-4021,Elevator Installers and Repairers,$25.55 ,83,15,<10,High school diploma or equivalent,Apprenticeship,13
47-4031,Fence Erectors,$11.96 ,8,13,<10,No formal educational credential,Moderate-term on-the-job training,0
47-4041,Hazardous Materials Removal Workers,$12.69 ,2,32,<10,High school diploma or equivalent,Moderate-term on-the-job training,10
47-4051,Highway Maintenance Workers,$13.72 ,33,88,36.00,High school diploma or equivalent,Moderate-term on-the-job training,0
47-4061,Rail-Track Laying and Maintenance Equipment Operators,$18.19 ,5,12,<10,High school diploma or equivalent,Moderate-term on-the-job training,0
47-4071,Septic Tank Servicers and Sewer Pipe Cleaners,$11.19 ,6,12,<10,No formal educational credential,Moderate-term on-the-job training,11
47-4091,Segmental Pavers,Insf. Data,Insf. Data,<10,0.00,High school diploma or equivalent,Moderate-term on-the-job training,0
47-4099,"Construction and Related Workers, All Other",$14.48 ,11,15,<10,High school diploma or equivalent,Moderate-term on-the-job training,0
47-5011,"Derrick Operators, Oil and Gas",Insf. Data,Insf. Data,0,0.00,No formal educational credential,Short-term on-the-job training,0
47-5012,"Rotary Drill Operators, Oil and Gas",Insf. Data,Insf. Data,0,0.00,No formal educational credential,Moderate-term on-the-job training,0
47-5013,"Service Unit Operators, Oil, Gas, and Mining",$23.29 ,-2,<10,0.00,No formal educational credential,Moderate-term on-the-job training,0
47-5021,"Earth Drillers, Except Oil and Gas",$19.29 ,8,20,<10,High school diploma or equivalent,Moderate-term on-the-job training,0
47-5031,"Explosives Workers, Ordnance Handling Experts, and Blasters",$18.69 ,1,<10,<10,High school diploma or equivalent,Long-term on-the-job training,0
47-5041,Continuous Mining Machine Operators,$20.16 ,1,<10,<10,No formal educational credential,Moderate-term on-the-job training,0
47-5042,Mine Cutting and Channeling Machine Operators,$18.31 ,-1,<10,<10,High school diploma or equivalent,Moderate-term on-the-job training,0
47-5049,"Mining Machine Operators, All Other",Insf. Data,Insf. Data,<10,0.00,High school diploma or equivalent,Moderate-term on-the-job training,0
47-5051,"Rock Splitters, Quarry",$14.02 ,4,<10,<10,No formal educational credential,Short-term on-the-job training,0
47-5061,"Roof Bolters, Mining",Insf. Data,Insf. Data,0,0.00,High school diploma or equivalent,Moderate-term on-the-job training,0
47-5071,"Roustabouts, Oil and Gas",$13.54 ,0,<10,<10,No formal educational credential,Moderate-term on-the-job training,0
47-5081,Helpers--Extraction Workers,$14.27 ,2,<10,<10,High school diploma or equivalent,Moderate-term on-the-job training,0
47-5099,"Extraction Workers, All Other",Insf. Data,0,<10,<10,High school diploma or equivalent,Moderate-term on-the-job training,0
49-1011,"First-Line Supervisors of Mechanics, Installers, and Repairers",$20.41 ,119,592,102.00,High school diploma or equivalent,None,9
49-2011,"Computer, Automated Teller, and Office Machine Repairers",$11.71 ,40,184,28.00,"Some college, no degree",Short-term on-the-job training,23
49-2021,"Radio, Cellular, and Tower Equipment Installers and Repairs",$11.10 ,9,12,<10,Associate's degree,Moderate-term on-the-job training,0
49-2022,"Telecommunications Equipment Installers and Repairers, Except Line Installers",$16.90 ,-23,146,17.00,Postsecondary nondegree award,Moderate-term on-the-job training,0
49-2091,Avionics Technicians,$19.68 ,6,<10,<10,Associate's degree,None,0
49-2092,"Electric Motor, Power Tool, and Related Repairers",$15.36 ,-3,<10,<10,Postsecondary nondegree award,Long-term on-the-job training,0
49-2093,"Electrical and Electronics Installers and Repairers, Transportation Equipment",$21.29 ,1,22,<10,Postsecondary nondegree award,Long-term on-the-job training,406
49-2094,"Electrical and Electronics Repairers, Commercial and Industrial Equipment",$20.07 ,15,58,<10,Postsecondary nondegree award,Long-term on-the-job training,23
49-2095,"Electrical and Electronics Repairers, Powerhouse, Substation, and Relay",$23.47 ,9,29,<10,Postsecondary nondegree award,Long-term on-the-job training,40
49-2096,"Electronic Equipment Installers and Repairers, Motor Vehicles",$10.74 ,-19,<10,<10,Postsecondary nondegree award,Short-term on-the-job training,406
49-2097,Electronic Home Entertainment Equipment Installers and Repairers,$12.70 ,11,27,<10,Postsecondary nondegree award,Short-term on-the-job training,0
49-2098,Security and Fire Alarm Systems Installers,$14.90 ,36,75,15.00,High school diploma or equivalent,Moderate-term on-the-job training,40
49-3011,Aircraft Mechanics and Service Technicians,$28.15 ,32,167,26.00,Postsecondary nondegree award,None,23
49-3021,Automotive Body and Related Repairers,$14.93 ,-3,128,30.00,High school diploma or equivalent,Long-term on-the-job training,0
49-3022,Automotive Glass Installers and Repairers,$13.51 ,1,<10,<10,High school diploma or equivalent,Moderate-term on-the-job training,0
49-3023,Automotive Service Technicians and Mechanics,$11.90 ,53,453,128.00,Postsecondary nondegree award,Short-term on-the-job training,406
49-3031,Bus and Truck Mechanics and Diesel Engine Specialists,$16.71 ,156,365,64.00,High school diploma or equivalent,Long-term on-the-job training,0
49-3041,Farm Equipment Mechanics and Service Technicians,$12.25 ,13,35,<10,High school diploma or equivalent,Long-term on-the-job training,0
49-3042,"Mobile Heavy Equipment Mechanics, Except Engines",$17.15 ,21,173,52.00,High school diploma or equivalent,Long-term on-the-job training,0
49-3043,Rail Car Repairers,$18.07 ,0,15,<10,High school diploma or equivalent,Long-term on-the-job training,0
49-3051,Motorboat Mechanics and Service Technicians,$12.55 ,11,23,21.00,High school diploma or equivalent,Long-term on-the-job training,0
49-3052,Motorcycle Mechanics,$13.31 ,2,13,<10,Postsecondary nondegree award,Short-term on-the-job training,0
49-3053,Outdoor Power Equipment and Other Small Engine Mechanics,$11.18 ,11,21,17.00,High school diploma or equivalent,Moderate-term on-the-job training,0
49-3091,Bicycle Repairers,$11.02 ,15,<10,<10,High school diploma or equivalent,Moderate-term on-the-job training,0
49-3092,Recreational Vehicle Service Technicians,$14.44 ,-5,<10,<10,High school diploma or equivalent,Long-term on-the-job training,0
49-3093,Tire Repairers and Changers,$10.18 ,31,41,14.00,High school diploma or equivalent,Short-term on-the-job training,10
49-9011,Mechanical Door Repairers,$15.14 ,25,13,<10,High school diploma or equivalent,Moderate-term on-the-job training,13
49-9012,"Control and Valve Installers and Repairers, Except Mechanical Door",$18.46 ,7,43,<10,High school diploma or equivalent,Moderate-term on-the-job training,13
49-9021,"Heating, Air Conditioning, and Refrigeration Mechanics and Installers",$15.65 ,232,201,44.00,Postsecondary nondegree award,Long-term on-the-job training,94
49-9031,Home Appliance Repairers,$12.63 ,5,39,38.00,High school diploma or equivalent,Moderate-term on-the-job training,0
49-9041,Industrial Machinery Mechanics,$19.73 ,283,445,69.00,High school diploma or equivalent,Long-term on-the-job training,13
49-9043,"Maintenance Workers, Machinery",$16.15 ,36,82,11.00,High school diploma or equivalent,Moderate-term on-the-job training,13
49-9044,Millwrights,$17.57 ,116,109,14.00,High school diploma or equivalent,Apprenticeship,13
49-9045,"Refractory Materials Repairers, Except Brickmasons",Insf. Data,Insf. Data,<10,0.00,High school diploma or equivalent,Moderate-term on-the-job training,13
49-9051,Electrical Power-Line Installers and Repairers,$21.64 ,150,93,<10,High school diploma or equivalent,Long-term on-the-job training,0
49-9052,Telecommunications Line Installers and Repairers,$16.50 ,35,48,<10,High school diploma or equivalent,Long-term on-the-job training,0
49-9061,Camera and Photographic Equipment Repairers,$13.05 ,2,<10,<10,Associate's degree,Long-term on-the-job training,0
49-9062,Medical Equipment Repairers,$13.87 ,30,44,11.00,Associate's degree,Moderate-term on-the-job training,14
49-9063,Musical Instrument Repairers and Tuners,$11.86 ,4,27,28.00,High school diploma or equivalent,Apprenticeship,0
49-9064,Watch Repairers,$11.57 ,-3,21,22.00,High school diploma or equivalent,Long-term on-the-job training,0
49-9069,"Precision Instrument and Equipment Repairers, All Other",$23.10 ,5,<10,<10,High school diploma or equivalent,Long-term on-the-job training,0
49-9071,"Maintenance and Repair Workers, General",$14.06 ,425,1419,389.00,High school diploma or equivalent,Long-term on-the-job training,0
49-9081,Wind Turbine Service Technicians,$17.84 ,11,<10,<10,"Some college, no degree",Long-term on-the-job training,13
49-9091,"Coin, Vending, and Amusement Machine Servicers and Repairers",$15.93 ,-47,70,17.00,High school diploma or equivalent,Short-term on-the-job training,0
49-9092,Commercial Divers,$14.81 ,3,<10,<10,Postsecondary nondegree award,Moderate-term on-the-job training,0
49-9093,"Fabric Menders, Except Garment",Insf. Data,Insf. Data,<10,<10,No formal educational credential,Long-term on-the-job training,0
49-9094,Locksmiths and Safe Repairers,$14.33 ,43,118,45.00,High school diploma or equivalent,Long-term on-the-job training,0
49-9095,Manufactured Building and Mobile Home Installers,$11.34 ,0,<10,<10,High school diploma or equivalent,Short-term on-the-job training,0
49-9096,Riggers,$14.89 ,13,16,<10,High school diploma or equivalent,Short-term on-the-job training,0
49-9097,Signal and Track Switch Repairers,$27.31 ,-1,<10,<10,High school diploma or equivalent,Moderate-term on-the-job training,40
49-9098,"Helpers--Installation, Maintenance, and Repair Workers",$9.67 ,49,42,14.00,High school diploma or equivalent,Short-term on-the-job training,13
49-9099,"Installation, Maintenance, and Repair Workers, All Other",$12.71 ,87,215,100.00,High school diploma or equivalent,Moderate-term on-the-job training,13
51-1011,First-Line Supervisors of Production and Operating Workers,$19.83 ,37,677,97.00,High school diploma or equivalent,None,9
51-2011,"Aircraft Structure, Surfaces, Rigging, and Systems Assemblers",$17.98 ,3,<10,<10,High school diploma or equivalent,Moderate-term on-the-job training,23
51-2021,"Coil Winders, Tapers, and Finishers",$10.99 ,-3,11,<10,High school diploma or equivalent,Moderate-term on-the-job training,0
51-2022,Electrical and Electronic Equipment Assemblers,$10.46 ,71,86,18.00,High school diploma or equivalent,Moderate-term on-the-job training,0
51-2023,Electromechanical Equipment Assemblers,$13.89 ,28,82,14.00,High school diploma or equivalent,Moderate-term on-the-job training,0
51-2031,Engine and Other Machine Assemblers,$12.49 ,10,48,<10,High school diploma or equivalent,Moderate-term on-the-job training,13
51-2041,Structural Metal Fabricators and Fitters,$14.96 ,41,73,<10,High school diploma or equivalent,Moderate-term on-the-job training,22
51-2091,Fiberglass Laminators and Fabricators,$12.64 ,14,<10,<10,High school diploma or equivalent,Moderate-term on-the-job training,0
51-2092,Team Assemblers,$12.91 ,1025,2055,270.00,High school diploma or equivalent,Moderate-term on-the-job training,0
51-2093,Timing Device Assemblers and Adjusters,Insf. Data,Insf. Data,<10,0.00,High school diploma or equivalent,Moderate-term on-the-job training,0
51-2099,"Assemblers and Fabricators, All Other",$9.43 ,185,397,69.00,High school diploma or equivalent,Moderate-term on-the-job training,0
51-3011,Bakers,$9.07 ,64,67,17.00,No formal educational credential,Long-term on-the-job training,49
51-3021,Butchers and Meat Cutters,$12.56 ,28,70,25.00,No formal educational credential,Long-term on-the-job training,0
51-3022,"Meat, Poultry, and Fish Cutters and Trimmers",$11.17 ,15,95,29.00,No formal educational credential,Short-term on-the-job training,0
51-3023,Slaughterers and Meat Packers,$10.94 ,-16,55,15.00,No formal educational credential,Short-term on-the-job training,0
51-3091,"Food and Tobacco Roasting, Baking, and Drying Machine Operators and Tenders",$11.42 ,1,<10,<10,No formal educational credential,Moderate-term on-the-job training,0
51-3092,Food Batchmakers,$9.87 ,-25,121,24.00,High school diploma or equivalent,Moderate-term on-the-job training,0
51-3093,Food Cooking Machine Operators and Tenders,$12.87 ,-3,60,19.00,High school diploma or equivalent,Moderate-term on-the-job training,0
51-3099,"Food Processing Workers, All Other",$8.37 ,2,49,<10,No formal educational credential,Moderate-term on-the-job training,0
51-4011,"Computer-Controlled Machine Tool Operators, Metal and Plastic",$14.06 ,110,93,<10,High school diploma or equivalent,Moderate-term on-the-job training,22
51-4012,"Computer Numerically Controlled Machine Tool Programmers, Metal and Plastic",$15.16 ,10,<10,<10,High school diploma or equivalent,Long-term on-the-job training,12
51-4021,"Extruding and Drawing Machine Setters, Operators, and Tenders, Metal and Plastic",$11.59 ,-19,61,<10,High school diploma or equivalent,Moderate-term on-the-job training,0
51-4022,"Forging Machine Setters, Operators, and Tenders, Metal and Plastic",$17.18 ,-13,23,<10,High school diploma or equivalent,Moderate-term on-the-job training,0
51-4023,"Rolling Machine Setters, Operators, and Tenders, Metal and Plastic",$13.45 ,-40,117,12.00,High school diploma or equivalent,Moderate-term on-the-job training,0
51-4031,"Cutting, Punching, and Press Machine Setters, Operators, and Tenders, Metal and Plastic",$15.13 ,-395,543,83.00,High school diploma or equivalent,Moderate-term on-the-job training,0
51-4032,"Drilling and Boring Machine Tool Setters, Operators, and Tenders, Metal and Plastic",$10.32 ,-7,26,<10,High school diploma or equivalent,Moderate-term on-the-job training,0
51-4033,"Grinding, Lapping, Polishing, and Buffing Machine Tool Setters, Operators, and Tenders, Metal and Plastic",$12.76 ,-34,56,11.00,High school diploma or equivalent,Moderate-term on-the-job training,22
51-4034,"Lathe and Turning Machine Tool Setters, Operators, and Tenders, Metal and Plastic",$15.51 ,-14,33,<10,High school diploma or equivalent,Moderate-term on-the-job training,0
51-4035,"Milling and Planing Machine Setters, Operators, and Tenders, Metal and Plastic",$13.52 ,-5,11,<10,High school diploma or equivalent,Moderate-term on-the-job training,0
51-4041,Machinists,$17.36 ,196,380,73.00,High school diploma or equivalent,Long-term on-the-job training,22
51-4051,Metal-Refining Furnace Operators and Tenders,$14.25 ,6,<10,<10,High school diploma or equivalent,Moderate-term on-the-job training,0
51-4052,"Pourers and Casters, Metal",$13.30 ,1,<10,<10,High school diploma or equivalent,Moderate-term on-the-job training,0
51-4061,"Model Makers, Metal and Plastic",$14.82 ,0,<10,<10,High school diploma or equivalent,Moderate-term on-the-job training,0
51-4062,"Patternmakers, Metal and Plastic",Insf. Data,Insf. Data,<10,<10,High school diploma or equivalent,Moderate-term on-the-job training,0
51-4071,Foundry Mold and Coremakers,$13.15 ,3,<10,<10,High school diploma or equivalent,Moderate-term on-the-job training,0
51-4072,"Molding, Coremaking, and Casting Machine Setters, Operators, and Tenders, Metal and Plastic",$11.42 ,-15,95,14.00,High school diploma or equivalent,Moderate-term on-the-job training,0
51-4081,"Multiple Machine Tool Setters, Operators, and Tenders, Metal and Plastic",$12.77 ,65,191,23.00,High school diploma or equivalent,Moderate-term on-the-job training,22
51-4111,Tool and Die Makers,$20.95 ,-34,225,33.00,High school diploma or equivalent,Long-term on-the-job training,0
51-4121,"Welders, Cutters, Solderers, and Brazers",$15.24 ,133,417,58.00,High school diploma or equivalent,Moderate-term on-the-job training,62
51-4122,"Welding, Soldering, and Brazing Machine Setters, Operators, and Tenders",$11.30 ,-43,60,<10,High school diploma or equivalent,Moderate-term on-the-job training,62
51-4191,"Heat Treating Equipment Setters, Operators, and Tenders, Metal and Plastic",$14.29 ,0,13,<10,High school diploma or equivalent,Moderate-term on-the-job training,22
51-4192,"Layout Workers, Metal and Plastic",$14.36 ,-1,<10,<10,High school diploma or equivalent,Moderate-term on-the-job training,22
51-4193,"Plating and Coating Machine Setters, Operators, and Tenders, Metal and Plastic",$11.92 ,-16,24,<10,High school diploma or equivalent,Moderate-term on-the-job training,22
51-4194,"Tool Grinders, Filers, and Sharpeners",$11.07 ,-12,38,<10,High school diploma or equivalent,Moderate-term on-the-job training,22
51-4199,"Metal Workers and Plastic Workers, All Other",$12.04 ,-1,15,<10,High school diploma or equivalent,Moderate-term on-the-job training,22
51-5111,Prepress Technicians and Workers,$13.66 ,-21,33,<10,Postsecondary nondegree award,None,3
51-5112,Printing Press Operators,$14.45 ,-35,208,41.00,High school diploma or equivalent,Moderate-term on-the-job training,0
51-5113,Print Binding and Finishing Workers,$12.64 ,5,51,11.00,High school diploma or equivalent,Short-term on-the-job training,0
51-6011,Laundry and Dry-Cleaning Workers,$9.30 ,-39,131,59.00,No formal educational credential,Short-term on-the-job training,0
51-6021,"Pressers, Textile, Garment, and Related Materials",$8.48 ,-67,59,17.00,No formal educational credential,Short-term on-the-job training,0
51-6031,Sewing Machine Operators,$10.96 ,-55,166,77.00,No formal educational credential,Short-term on-the-job training,0
51-6041,Shoe and Leather Workers and Repairers,$10.50 ,6,18,18.00,High school diploma or equivalent,Moderate-term on-the-job training,0
51-6042,Shoe Machine Operators and Tenders,Insf. Data,Insf. Data,<10,<10,High school diploma or equivalent,Short-term on-the-job training,0
51-6051,"Sewers, Hand",$8.94 ,5,14,12.00,No formal educational credential,Moderate-term on-the-job training,0
51-6052,"Tailors, Dressmakers, and Custom Sewers",$10.90 ,12,115,107.00,No formal educational credential,Moderate-term on-the-job training,0
51-6061,Textile Bleaching and Dyeing Machine Operators and Tenders,Insf. Data,Insf. Data,<10,0.00,High school diploma or equivalent,Short-term on-the-job training,0
51-6062,"Textile Cutting Machine Setters, Operators, and Tenders",$10.00 ,-1,<10,<10,High school diploma or equivalent,Moderate-term on-the-job training,13
51-6063,"Textile Knitting and Weaving Machine Setters, Operators, and Tenders",Insf. Data,Insf. Data,<10,0.00,High school diploma or equivalent,Short-term on-the-job training,13
51-6064,"Textile Winding, Twisting, and Drawing Out Machine Setters, Operators, and Tenders",$10.41 ,-2,<10,0.00,High school diploma or equivalent,Moderate-term on-the-job training,13
51-6091,"Extruding and Forming Machine Setters, Operators, and Tenders, Synthetic and Glass Fibers",$14.93 ,15,19,<10,High school diploma or equivalent,Moderate-term on-the-job training,0
51-6092,Fabric and Apparel Patternmakers,Insf. Data,Insf. Data,<10,<10,High school diploma or equivalent,Moderate-term on-the-job training,0
51-6093,Upholsterers,$11.48 ,-6,51,44.00,High school diploma or equivalent,Moderate-term on-the-job training,0
51-6099,"Textile, Apparel, and Furnishings Workers, All Other",$10.30 ,-3,11,<10,High school diploma or equivalent,Short-term on-the-job training,0
51-7011,Cabinetmakers and Bench Carpenters,$12.62 ,54,127,30.00,High school diploma or equivalent,Moderate-term on-the-job training,10
51-7021,Furniture Finishers,$11.26 ,-14,25,<10,High school diploma or equivalent,Short-term on-the-job training,0
51-7031,"Model Makers, Wood",$16.48 ,4,<10,<10,High school diploma or equivalent,Moderate-term on-the-job training,10
51-7032,"Patternmakers, Wood",Insf. Data,Insf. Data,<10,<10,High school diploma or equivalent,Moderate-term on-the-job training,10
51-7041,"Sawing Machine Setters, Operators, and Tenders, Wood",$9.98 ,25,42,<10,High school diploma or equivalent,Short-term on-the-job training,10
51-7042,"Woodworking Machine Setters, Operators, and Tenders, Except Sawing",$12.18 ,19,153,32.00,High school diploma or equivalent,Short-term on-the-job training,10
51-7099,"Woodworkers, All Other",$13.16 ,23,31,15.00,High school diploma or equivalent,Moderate-term on-the-job training,0
51-8011,Nuclear Power Reactor Operators,$37.38 ,3,<10,0.00,High school diploma or equivalent,Long-term on-the-job training,0
51-8012,Power Distributors and Dispatchers,$39.03 ,7,35,<10,High school diploma or equivalent,Long-term on-the-job training,9
51-8013,Power Plant Operators,$23.64 ,18,42,<10,High school diploma or equivalent,Long-term on-the-job training,9
51-8021,Stationary Engineers and Boiler Operators,$15.56 ,7,30,<10,High school diploma or equivalent,Long-term on-the-job training,128
51-8031,Water and Wastewater Treatment Plant and System Operators,$15.37 ,6,57,12.00,High school diploma or equivalent,Long-term on-the-job training,0
51-8091,Chemical Plant and System Operators,$26.53 ,-30,23,<10,High school diploma or equivalent,Long-term on-the-job training,1
51-8092,Gas Plant Operators,$30.71 ,-4,<10,0.00,High school diploma or equivalent,Long-term on-the-job training,10
51-8093,"Petroleum Pump System Operators, Refinery Operators, and Gaugers",$33.33 ,-16,22,<10,High school diploma or equivalent,Long-term on-the-job training,9
51-8099,"Plant and System Operators, All Other",$17.48 ,-5,17,<10,High school diploma or equivalent,Long-term on-the-job training,9
51-9011,Chemical Equipment Operators and Tenders,$20.85 ,-80,49,<10,High school diploma or equivalent,Moderate-term on-the-job training,1
51-9012,"Separating, Filtering, Clarifying, Precipitating, and Still Machine Setters, Operators, and Tenders",$16.94 ,-5,45,<10,High school diploma or equivalent,Moderate-term on-the-job training,0
51-9021,"Crushing, Grinding, and Polishing Machine Setters, Operators, and Tenders",$11.96 ,-5,29,<10,High school diploma or equivalent,Moderate-term on-the-job training,0
51-9022,"Grinding and Polishing Workers, Hand",$10.63 ,11,<10,<10,No formal educational credential,Moderate-term on-the-job training,0
51-9023,"Mixing and Blending Machine Setters, Operators, and Tenders",$13.98 ,-53,98,13.00,High school diploma or equivalent,Moderate-term on-the-job training,0
51-9031,"Cutters and Trimmers, Hand",$10.97 ,6,<10,<10,No formal educational credential,Short-term on-the-job training,0
51-9032,"Cutting and Slicing Machine Setters, Operators, and Tenders",$13.74 ,-22,95,17.00,High school diploma or equivalent,Short-term on-the-job training,0
51-9041,"Extruding, Forming, Pressing, and Compacting Machine Setters, Operators, and Tenders",$9.37 ,-39,100,<10,High school diploma or equivalent,Moderate-term on-the-job training,0
51-9051,"Furnace, Kiln, Oven, Drier, and Kettle Operators and Tenders",$14.84 ,-4,15,<10,High school diploma or equivalent,Moderate-term on-the-job training,0
51-9061,"Inspectors, Testers, Sorters, Samplers, and Weighers",$13.36 ,52,809,204.00,High school diploma or equivalent,Moderate-term on-the-job training,0
51-9071,Jewelers and Precious Stone and Metal Workers,$14.70 ,20,55,21.00,High school diploma or equivalent,Long-term on-the-job training,0
51-9081,Dental Laboratory Technicians,$12.19 ,-6,54,15.00,High school diploma or equivalent,Moderate-term on-the-job training,0
51-9082,Medical Appliance Technicians,$19.20 ,3,<10,<10,High school diploma or equivalent,Long-term on-the-job training,0
51-9083,Ophthalmic Laboratory Technicians,$11.47 ,17,38,<10,High school diploma or equivalent,Moderate-term on-the-job training,0
51-9111,Packaging and Filling Machine Operators and Tenders,$10.73 ,-21,510,90.00,High school diploma or equivalent,Moderate-term on-the-job training,0
51-9121,"Coating, Painting, and Spraying Machine Setters, Operators, and Tenders",$12.61 ,-17,73,12.00,High school diploma or equivalent,Moderate-term on-the-job training,0
51-9122,"Painters, Transportation Equipment",$20.72 ,13,25,<10,High school diploma or equivalent,Moderate-term on-the-job training,0
51-9123,"Painting, Coating, and Decorating Workers",$11.67 ,0,28,<10,No formal educational credential,Moderate-term on-the-job training,13
51-9141,Semiconductor Processors,$16.10 ,1,<10,<10,Associate's degree,Moderate-term on-the-job training,0
51-9151,Photographic Process Workers and Processing Machine Operators,$17.31 ,-18,11,<10,High school diploma or equivalent,Short-term on-the-job training,0
51-9191,Adhesive Bonding Machine Operators and Tenders,$12.68 ,-1,20,<10,High school diploma or equivalent,Moderate-term on-the-job training,0
51-9192,"Cleaning, Washing, and Metal Pickling Equipment Operators and Tenders",$11.54 ,2,15,<10,No formal educational credential,Moderate-term on-the-job training,0
51-9193,Cooling and Freezing Equipment Operators and Tenders,$12.42 ,3,<10,<10,High school diploma or equivalent,Moderate-term on-the-job training,0
51-9194,Etchers and Engravers,$11.96 ,-1,<10,<10,High school diploma or equivalent,Moderate-term on-the-job training,0
51-9195,"Molders, Shapers, and Casters, Except Metal and Plastic",$13.79 ,18,31,18.00,High school diploma or equivalent,Long-term on-the-job training,0
51-9196,"Paper Goods Machine Setters, Operators, and Tenders",$12.74 ,-79,112,16.00,High school diploma or equivalent,Moderate-term on-the-job training,0
51-9197,Tire Builders,$14.78 ,-4,<10,0.00,High school diploma or equivalent,Moderate-term on-the-job training,0
51-9198,Helpers--Production Workers,$10.29 ,3,289,75.00,No formal educational credential,Short-term on-the-job training,0
51-9199,"Production Workers, All Other",$9.47 ,147,468,111.00,High school diploma or equivalent,Moderate-term on-the-job training,0
53-1011,Aircraft Cargo Handling Supervisors,$20.36 ,22,14,<10,High school diploma or equivalent,None,9
53-1021,"First-Line Supervisors of Helpers, Laborers, and Material Movers, Hand",$17.61 ,96,187,28.00,High school diploma or equivalent,None,9
53-1031,First-Line Supervisors of Transportation and Material-Moving Machine and Vehicle Operators,$20.96 ,81,275,46.00,High school diploma or equivalent,None,9
53-2011,"Airline Pilots, Copilots, and Flight Engineers",$46.18 ,-44,90,11.00,Bachelor's degree,Moderate-term on-the-job training,0
53-2012,Commercial Pilots,$26.30 ,8,34,10.00,High school diploma or equivalent,Moderate-term on-the-job training,0
53-2021,Air Traffic Controllers,$45.73 ,-5,16,<10,Associate's degree,Long-term on-the-job training,0
53-2022,Airfield Operations Specialists,$24.24 ,1,<10,<10,High school diploma or equivalent,Long-term on-the-job training,0
53-2031,Flight Attendants,$19.21 ,-65,17,<10,High school diploma or equivalent,Moderate-term on-the-job training,0
53-3011,"Ambulance Drivers and Attendants, Except Emergency Medical Technicians",$10.85 ,6,19,<10,High school diploma or equivalent,Moderate-term on-the-job training,2
53-3021,"Bus Drivers, Transit and Intercity",$13.83 ,23,216,192.00,High school diploma or equivalent,Moderate-term on-the-job training,0
53-3022,"Bus Drivers, School or Special Client",$15.07 ,90,683,545.00,High school diploma or equivalent,Short-term on-the-job training,0
53-3031,Driver/Sales Workers,$9.05 ,52,504,220.00,High school diploma or equivalent,Short-term on-the-job training,0
53-3032,Heavy and Tractor-Trailer Truck Drivers,$16.95 ,712,2440,721.00,Postsecondary nondegree award,Short-term on-the-job training,0
53-3033,Light Truck or Delivery Services Drivers,$12.35 ,921,911,282.00,High school diploma or equivalent,Short-term on-the-job training,0
53-3041,Taxi Drivers and Chauffeurs,$9.69 ,154,156,211.00,No formal educational credential,Short-term on-the-job training,0
53-3099,"Motor Vehicle Operators, All Other",$11.73 ,26,41,101.00,No formal educational credential,Short-term on-the-job training,0
53-4011,Locomotive Engineers,$25.77 ,-2,46,<10,High school diploma or equivalent,Moderate-term on-the-job training,0
53-4012,Locomotive Firers,Insf. Data,Insf. Data,<10,0.00,High school diploma or equivalent,Moderate-term on-the-job training,0
53-4013,"Rail Yard Engineers, Dinkey Operators, and Hostlers",$18.99 ,-5,<10,<10,High school diploma or equivalent,Moderate-term on-the-job training,0
53-4021,"Railroad Brake, Signal, and Switch Operators",$22.04 ,-3,22,<10,High school diploma or equivalent,Moderate-term on-the-job training,0
53-4031,Railroad Conductors and Yardmasters,$23.75 ,0,50,<10,High school diploma or equivalent,Moderate-term on-the-job training,0
53-4041,Subway and Streetcar Operators,$26.40 ,1,<10,<10,High school diploma or equivalent,Moderate-term on-the-job training,0
53-4099,"Rail Transportation Workers, All Other",$22.17 ,-1,<10,<10,High school diploma or equivalent,Moderate-term on-the-job training,0
53-5011,Sailors and Marine Oilers,$11.46 ,-26,49,<10,No formal educational credential,Moderate-term on-the-job training,0
53-5021,"Captains, Mates, and Pilots of Water Vessels",$31.88 ,-19,89,20.00,Postsecondary nondegree award,None,0
53-5022,Motorboat Operators,$13.39 ,-10,<10,<10,Postsecondary nondegree award,None,0
53-5031,Ship Engineers,$24.52 ,-4,14,<10,Postsecondary nondegree award,None,0
53-6011,Bridge and Lock Tenders,$22.89 ,0,<10,<10,High school diploma or equivalent,Short-term on-the-job training,0
53-6021,Parking Lot Attendants,$8.34 ,2,49,48.00,No formal educational credential,Short-term on-the-job training,0
53-6031,Automotive and Watercraft Service Attendants,$9.93 ,26,62,39.00,No formal educational credential,Short-term on-the-job training,0
53-6041,Traffic Technicians,$19.30 ,3,<10,<10,High school diploma or equivalent,Moderate-term on-the-job training,0
53-6051,Transportation Inspectors,$31.73 ,2,37,<10,High school diploma or equivalent,Moderate-term on-the-job training,0
53-6061,"Transportation Attendants, Except Flight Attendants",$10.31 ,5,11,<10,High school diploma or equivalent,Short-term on-the-job training,0
53-6099,"Transportation Workers, All Other",$10.94 ,15,49,20.00,High school diploma or equivalent,Short-term on-the-job training,0
53-7011,Conveyor Operators and Tenders,$15.97 ,49,59,<10,No formal educational credential,Short-term on-the-job training,0
53-7021,Crane and Tower Operators,$18.12 ,18,30,<10,High school diploma or equivalent,Moderate-term on-the-job training,0
53-7031,Dredge Operators,$17.92 ,-1,<10,<10,High school diploma or equivalent,Moderate-term on-the-job training,0
53-7032,Excavating and Loading Machine and Dragline Operators,$14.08 ,-4,55,22.00,High school diploma or equivalent,Moderate-term on-the-job training,0
53-7033,"Loading Machine Operators, Underground Mining",Insf. Data,Insf. Data,<10,<10,No formal educational credential,Short-term on-the-job training,0
53-7041,Hoist and Winch Operators,$14.11 ,0,<10,<10,No formal educational credential,Short-term on-the-job training,0
53-7051,Industrial Truck and Tractor Operators,$12.90 ,333,852,96.00,No formal educational credential,Short-term on-the-job training,0
53-7061,Cleaners of Vehicles and Equipment,$9.61 ,103,195,79.00,No formal educational credential,Short-term on-the-job training,0
53-7062,"Laborers and Freight, Stock, and Material Movers, Hand",$10.84 ,2005,2245,466.00,No formal educational credential,Short-term on-the-job training,0
53-7063,Machine Feeders and Offbearers,$12.28 ,61,188,47.00,No formal educational credential,Short-term on-the-job training,0
53-7064,"Packers and Packagers, Hand",$9.33 ,287,697,196.00,No formal educational credential,Short-term on-the-job training,0
53-7071,Gas Compressor and Gas Pumping Station Operators,$21.73 ,-10,<10,<10,High school diploma or equivalent,Moderate-term on-the-job training,0
53-7072,"Pump Operators, Except Wellhead Pumpers",$15.01 ,1,<10,<10,High school diploma or equivalent,Moderate-term on-the-job training,0
53-7073,Wellhead Pumpers,Insf. Data,Insf. Data,<10,<10,High school diploma or equivalent,Moderate-term on-the-job training,0
53-7081,Refuse and Recyclable Material Collectors,$11.77 ,75,71,19.00,No formal educational credential,Short-term on-the-job training,0
53-7111,Mine Shuttle Car Operators,Insf. Data,Insf. Data,0,0.00,No formal educational credential,Short-term on-the-job training,0
53-7121,"Tank Car, Truck, and Ship Loaders",$12.57 ,-4,25,<10,No formal educational credential,Short-term on-the-job training,0
53-7199,"Material Moving Workers, All Other",$10.88 ,8,<10,<10,No formal educational credential,Short-term on-the-job training,0
55-9999,Military occupations,$11.48 ,85,78,<10,N/A,N/A,0
99-9999,Unclassified Occupation,$15.08 ,157,266,203.00,N/A,N/A,0
,,$15.53 ,57427,132218,49609.00,,,
